,temp,feels_like,temp_min,temp_max,pressure,humidity,wind_speed,rain_1h,rain_3h,snow_1h,snow_3h,clouds_all,weather_main,weather_description,Time,Date,Ride_count
0,51.75,48.78,49.95,53.56,1016,46,4.7,,,,,1,Clear,sky is clear,00,2014-04-01,138
1,49.32,45.91,48.0,51.76,1016,51,8.05,,,,,1,Clear,sky is clear,01,2014-04-01,66
2,45.21,41.45,42.75,46.94,1017,54,6.93,,,,,1,Clear,sky is clear,02,2014-04-01,53
3,41.61,35.1,40.26,43.95,1019,58,11.41,,,,,1,Clear,sky is clear,03,2014-04-01,93
4,41.13,37.22,39.88,42.06,1019,54,5.82,,,,,1,Clear,sky is clear,04,2014-04-01,166
5,41.07,34.84,38.37,42.75,1019,53,10.29,,,,,1,Clear,sky is clear,05,2014-04-01,333
6,40.95,37.0,37.36,41.95,1020,55,5.82,,,,,1,Clear,sky is clear,06,2014-04-01,722
7,40.41,34.52,37.35,41.43,1020,58,9.17,,,,,1,Clear,sky is clear,07,2014-04-01,1001
8,39.7,33.66,37.02,40.95,1020,59,9.17,,,,,1,Clear,sky is clear,08,2014-04-01,780
9,39.33,33.75,35.94,40.35,1019,56,8.05,,,,,1,Clear,sky is clear,09,2014-04-01,532
10,38.82,36.63,35.94,39.94,1020,58,3.36,,,,,1,Clear,sky is clear,10,2014-04-01,477
11,38.98,33.94,36.95,39.54,1020,58,6.93,,,,,1,Clear,sky is clear,11,2014-04-01,547
12,39.65,37.56,36.95,40.96,1020,59,3.36,,,,,1,Clear,sky is clear,12,2014-04-01,469
13,42.66,39.81,40.95,44.38,1021,52,4.7,,,,,1,Clear,sky is clear,13,2014-04-01,591
14,45.93,42.31,44.04,48.94,1021,47,6.93,,,,,1,Clear,sky is clear,14,2014-04-01,736
15,47.91,45.28,45.03,51.94,1020,45,5.82,,,,,1,Clear,sky is clear,15,2014-04-01,967
16,49.86,48.24,47.23,52.95,1020,42,4.7,,,,,1,Clear,sky is clear,16,2014-04-01,1152
17,53.28,50.09,51.06,58.17,1019,38,0.0,,,,,1,Clear,sky is clear,17,2014-04-01,1262
18,55.8,52.81,53.55,60.39,1018,37,4.7,,,,,1,Clear,sky is clear,18,2014-04-01,1122
19,56.91,53.91,54.95,60.76,1017,34,4.7,,,,,1,Clear,sky is clear,19,2014-04-01,1018
20,58.64,55.8,55.94,62.38,1017,34,4.7,,,,,1,Clear,sky is clear,20,2014-04-01,597
21,58.93,56.12,53.94,62.31,1016,34,0.0,,,,,1,Clear,sky is clear,21,2014-04-01,878
22,55.74,52.95,50.95,61.18,1017,41,4.7,,,,,20,Clouds,few clouds,22,2014-04-01,529
23,51.08,48.09,46.99,57.06,1017,47,4.7,,,,,1,Clear,sky is clear,23,2014-04-01,317
24,49.26,47.53,46.35,52.05,1018,49,4.7,,,,,20,Clouds,few clouds,00,2014-04-02,161
25,47.71,45.73,45.23,49.35,1019,54,4.7,,,,,20,Clouds,few clouds,01,2014-04-02,82
26,46.24,44.01,42.01,48.54,1018,60,4.7,,,,,1,Clear,sky is clear,02,2014-04-02,59
27,44.91,41.7,42.01,46.74,1019,61,5.82,,,,,1,Clear,sky is clear,03,2014-04-02,80
28,44.65,44.65,41.95,46.74,1019,62,0.0,,,,,1,Clear,sky is clear,04,2014-04-02,196
29,43.95,42.48,41.38,46.06,1019,63,3.36,,,,,1,Clear,sky is clear,05,2014-04-02,344
30,43.09,40.32,41.31,44.49,1018,67,4.7,,,,,1,Clear,sky is clear,06,2014-04-02,785
31,42.57,42.57,40.37,44.49,1018,72,0.0,,,,,1,Clear,sky is clear,07,2014-04-02,1099
32,43.18,40.42,40.37,44.94,1019,70,4.7,,,,,1,Clear,sky is clear,08,2014-04-02,927
33,42.28,39.38,39.99,43.41,1019,76,4.7,,,,,1,Clear,sky is clear,09,2014-04-02,656
34,42.39,42.39,40.3,43.14,1019,77,0.0,,,,,1,Clear,sky is clear,10,2014-04-02,658
35,42.26,42.26,40.37,43.14,1019,82,0.0,,,,,20,Clouds,few clouds,11,2014-04-02,706
36,43.92,43.92,40.17,46.06,1020,79,0.0,,,,,1,Clear,sky is clear,12,2014-04-02,632
37,45.28,45.28,43.38,46.92,1021,75,0.0,,,,,20,Clouds,few clouds,13,2014-04-02,709
38,45.91,45.91,44.04,47.05,1021,73,0.0,,,,,75,Clouds,broken clouds,14,2014-04-02,868
39,47.3,45.25,45.0,48.54,1020,70,4.7,1.07,,,,90,Rain,moderate rain,15,2014-04-02,1138
40,47.44,46.45,45.95,48.54,1020,70,3.36,0.51,,,,90,Rain,light rain,16,2014-04-02,1313
41,47.44,47.44,45.95,50.18,1020,74,0.0,0.45,,,,90,Rain,light rain,17,2014-04-02,1600
42,49.39,49.39,45.95,52.14,1019,70,0.0,,,,,90,Rain,light rain,18,2014-04-02,1252
43,48.65,46.83,44.01,53.19,1019,75,4.7,,,,,90,Clouds,overcast clouds,19,2014-04-02,1086
44,49.5,48.79,47.23,53.38,1018,73,3.36,,,,,40,Clouds,scattered clouds,20,2014-04-02,1143
45,52.41,50.45,51.04,53.94,1018,66,0.0,,,,,1,Clear,sky is clear,21,2014-04-02,994
46,53.01,51.01,51.76,55.06,1018,64,3.36,,,,,1,Clear,sky is clear,22,2014-04-02,638
47,51.13,48.96,48.94,52.41,1019,64,0.0,,,,,1,Clear,sky is clear,23,2014-04-02,348
48,50.47,48.42,46.94,53.06,1019,68,0.0,,,,,1,Clear,sky is clear,00,2014-04-03,194
49,49.41,48.69,46.24,52.41,1019,72,3.36,,,,,1,Clear,sky is clear,01,2014-04-03,106
50,48.99,47.23,43.0,52.27,1019,76,4.7,,,,,1,Clear,sky is clear,02,2014-04-03,66
51,47.34,47.34,44.24,51.51,1019,79,0.0,,,,,1,Clear,sky is clear,03,2014-04-03,130
52,45.19,45.19,42.01,47.03,1019,84,0.0,,,,,75,Clouds,broken clouds,04,2014-04-03,193
53,44.37,44.37,42.01,46.04,1019,86,0.0,,,,,75,Clouds,broken clouds,05,2014-04-03,354
54,46.69,46.69,42.75,50.43,1019,81,0.0,,,,,1,Clear,sky is clear,06,2014-04-03,750
55,46.42,44.22,42.75,49.35,1019,82,4.7,,,,,1,Clear,sky is clear,07,2014-04-03,1022
56,46.92,44.8,43.38,49.35,1019,77,4.7,,,,,1,Clear,sky is clear,08,2014-04-03,864
57,47.08,47.08,44.56,48.54,1019,74,0.0,,,,,1,Clear,sky is clear,09,2014-04-03,591
58,47.55,44.28,46.02,48.54,1019,66,6.93,,,,,1,Clear,sky is clear,10,2014-04-03,558
59,46.35,43.43,43.38,47.37,1020,60,5.82,,,,,1,Clear,sky is clear,11,2014-04-03,549
60,46.99,44.19,44.94,49.26,1020,53,5.82,,,,,1,Clear,sky is clear,12,2014-04-03,619
61,48.74,46.27,46.94,50.31,1021,47,5.82,,,,,1,Clear,sky is clear,13,2014-04-03,766
62,50.25,46.9,48.15,53.31,1021,41,0.0,,,,,1,Clear,sky is clear,14,2014-04-03,934
63,54.14,50.95,51.06,56.26,1020,36,0.0,,,,,1,Clear,sky is clear,15,2014-04-03,1247
64,57.51,54.32,53.55,60.04,1020,29,4.7,,,,,1,Clear,sky is clear,16,2014-04-03,1438
65,59.13,56.01,56.95,62.28,1019,27,3.36,,,,,1,Clear,sky is clear,17,2014-04-03,1640
66,62.53,59.52,57.9,67.37,1019,22,5.82,,,,,1,Clear,sky is clear,18,2014-04-03,1628
67,62.89,59.86,59.95,66.04,1018,21,0.0,,,,,1,Clear,sky is clear,19,2014-04-03,1374
68,64.87,61.95,62.55,69.39,1018,19,0.0,,,,,1,Clear,sky is clear,20,2014-04-03,1591
69,61.9,58.87,59.95,66.06,1017,23,5.82,,,,,1,Clear,sky is clear,21,2014-04-03,1714
70,60.67,57.58,57.94,64.92,1017,24,4.7,,,,,1,Clear,sky is clear,22,2014-04-03,1580
71,57.74,54.57,55.35,62.94,1016,29,6.93,,,,,1,Clear,sky is clear,23,2014-04-03,793
72,54.27,51.13,51.06,55.92,1016,37,6.93,,,,,1,Clear,sky is clear,00,2014-04-04,329
73,53.08,49.96,49.23,55.35,1017,40,3.36,,,,,1,Clear,sky is clear,01,2014-04-04,184
74,52.23,49.17,49.23,57.06,1017,43,5.82,,,,,90,Rain,light rain,02,2014-04-04,117
75,50.16,47.52,49.23,51.75,1019,56,0.0,0.3,0.3,,,90,Rain,light rain,03,2014-04-04,154
76,47.59,45.59,46.36,48.94,1019,75,4.7,1.1,,,,90,Rain,moderate rain,04,2014-04-04,238
77,47.35,46.35,46.35,48.9,1019,76,3.36,0.76,,,,90,Rain,light rain,05,2014-04-04,381
78,46.04,43.05,43.0,48.9,1019,78,5.82,0.55,,,,90,Rain,light rain,06,2014-04-04,839
79,44.91,40.05,44.02,46.92,1019,78,9.17,0.3,,,,90,Rain,light rain,07,2014-04-04,1202
80,44.38,41.85,42.75,46.35,1019,77,4.7,0.16,,,,90,Rain,light rain,08,2014-04-04,1065
81,43.5,43.5,42.75,45.05,1018,79,0.0,,0.3,,,90,Rain,light rain,09,2014-04-04,769
82,42.96,40.17,42.01,44.55,1018,79,4.7,1.02,,,,90,Rain,moderate rain,10,2014-04-04,759
83,43.11,38.91,42.24,45.05,1018,76,6.93,0.28,,,,90,Rain,light rain,11,2014-04-04,819
84,43.16,38.41,41.95,44.94,1018,73,8.05,0.3,,,,90,Rain,light rain,12,2014-04-04,827
85,42.93,38.12,40.95,44.56,1018,76,8.05,0.24,,,,90,Rain,light rain,13,2014-04-04,994
86,43.0,38.21,42.01,44.55,1018,78,8.05,0.17,,,,90,Rain,light rain,14,2014-04-04,1190
87,44.24,37.94,43.18,45.05,1018,69,12.75,1.02,,,,90,Rain,moderate rain,15,2014-04-04,1504
88,43.47,38.28,42.06,44.94,1018,72,9.17,0.17,,,,90,Haze,haze,16,2014-04-04,1865
89,43.47,38.28,42.06,44.94,1018,72,9.17,0.17,,,,90,Rain,light rain,16,2014-04-04,1865
90,42.58,36.3,39.99,44.58,1017,74,11.41,0.16,,,,90,Drizzle,light intensity drizzle,17,2014-04-04,2280
91,42.58,36.3,39.99,44.58,1017,74,11.41,0.16,,,,90,Mist,mist,17,2014-04-04,2280
92,42.58,36.3,39.99,44.58,1017,74,11.41,0.16,,,,90,Rain,light rain,17,2014-04-04,2280
93,42.3,36.84,39.99,44.94,1016,79,9.17,0.31,,,,90,Rain,light rain,18,2014-04-04,2449
94,42.13,37.17,40.26,44.55,1016,80,8.05,,,,,90,Rain,light rain,19,2014-04-04,2133
95,42.3,42.3,40.95,43.18,1014,80,1.14,0.58,,,,90,Rain,light rain,20,2014-04-04,1489
96,41.92,35.91,39.99,43.14,1013,80,10.29,0.14,,,,90,Rain,light rain,21,2014-04-04,1929
97,41.11,33.6,39.99,42.06,1012,83,13.87,0.16,,,,90,Haze,haze,22,2014-04-04,1859
98,41.11,33.6,39.99,42.06,1012,83,13.87,0.16,,,,90,Rain,light rain,22,2014-04-04,1859
99,41.13,36.54,39.99,42.78,1012,86,6.93,0.28,,,,90,Mist,mist,23,2014-04-04,1339
100,41.13,36.54,39.99,42.78,1012,86,6.93,0.28,,,,90,Rain,light rain,23,2014-04-04,1339
101,40.66,38.71,39.15,42.94,1011,89,3.36,0.5,,,,90,Mist,mist,00,2014-04-05,723
102,40.66,38.71,39.15,42.94,1011,89,3.36,0.5,,,,90,Rain,light rain,00,2014-04-05,723
103,41.63,35.55,40.17,42.94,1011,88,10.29,0.66,,,,90,Mist,mist,01,2014-04-05,416
104,41.63,35.55,40.17,42.94,1011,88,10.29,0.66,,,,90,Rain,light rain,01,2014-04-05,416
105,41.2,36.01,39.0,42.94,1010,89,8.05,0.2,,,,90,Mist,mist,02,2014-04-05,215
106,41.2,36.01,39.0,42.94,1010,89,8.05,0.2,,,,90,Rain,light rain,02,2014-04-05,215
107,40.21,32.83,39.0,42.94,1009,91,12.75,0.85,,,,90,Mist,mist,03,2014-04-05,181
108,40.21,32.83,39.0,42.94,1009,91,12.75,0.85,,,,90,Rain,light rain,03,2014-04-05,181
109,39.76,33.22,39.04,40.98,1008,91,10.29,2.14,,,,90,Rain,moderate rain,04,2014-04-05,153
110,39.76,33.22,39.04,40.98,1008,91,10.29,2.14,,,,90,Mist,mist,04,2014-04-05,153
111,40.05,33.13,39.0,42.06,1008,91,11.41,1.54,,,,90,Rain,moderate rain,05,2014-04-05,177
112,40.73,36.75,39.15,42.06,1007,90,5.82,,,,,90,Clouds,overcast clouds,06,2014-04-05,206
113,41.16,37.26,40.26,42.06,1007,90,5.82,,,,,90,Mist,mist,07,2014-04-05,279
114,40.91,40.91,40.23,42.06,1007,90,0.0,,,,,90,Mist,mist,08,2014-04-05,340
115,41.18,36.59,40.26,42.76,1008,88,6.93,,,,,90,Clouds,overcast clouds,09,2014-04-05,450
116,41.36,41.36,40.26,42.96,1008,88,0.0,,,,,90,Clouds,overcast clouds,10,2014-04-05,530
117,42.64,37.78,41.95,44.06,1009,85,8.05,,,,,75,Clouds,broken clouds,11,2014-04-05,542
118,43.45,40.75,40.95,46.06,1009,87,4.7,,,,,20,Clouds,few clouds,12,2014-04-05,657
119,46.98,43.57,45.95,49.05,1010,74,6.93,,,,,1,Clear,sky is clear,13,2014-04-05,647
120,51.93,49.17,49.95,53.94,1010,50,11.41,,,,,1,Clear,sky is clear,14,2014-04-05,704
121,51.69,48.72,49.95,53.94,1011,46,17.22,,,,,75,Clouds,broken clouds,15,2014-04-05,1078
122,50.61,47.39,49.95,52.38,1011,43,17.22,,,,,75,Clouds,broken clouds,16,2014-04-05,1313
123,51.44,48.25,50.05,53.55,1011,42,8.05,,,,,90,Clouds,overcast clouds,17,2014-04-05,1445
124,52.34,49.1,51.01,53.92,1011,39,1.14,,,,,90,Clouds,overcast clouds,18,2014-04-05,1575
125,53.22,50.04,51.01,56.3,1011,38,1.14,,,,,90,Clouds,overcast clouds,19,2014-04-05,1440
126,53.73,50.54,51.75,56.3,1011,37,13.87,,,,,40,Clouds,scattered clouds,20,2014-04-05,1348
127,53.33,50.05,50.95,55.9,1012,36,9.17,,,,,40,Clouds,scattered clouds,21,2014-04-05,1572
128,51.94,48.63,50.38,53.31,1013,38,9.17,,,,,40,Clouds,scattered clouds,22,2014-04-05,1830
129,50.61,47.21,49.05,52.0,1014,39,12.75,,,,,1,Clear,sky is clear,23,2014-04-05,1700
130,47.12,47.12,45.27,49.05,1015,43,0.0,,,,,1,Clear,sky is clear,00,2014-04-06,1485
131,45.57,40.05,44.04,46.94,1017,43,11.41,,,,,1,Clear,sky is clear,01,2014-04-06,940
132,43.93,41.31,41.95,44.94,1018,43,4.7,,,,,1,Clear,sky is clear,02,2014-04-06,501
133,42.84,38.59,40.95,43.95,1018,45,6.93,,,,,1,Clear,sky is clear,03,2014-04-06,315
134,41.56,37.06,40.95,42.94,1019,45,6.93,,,,,1,Clear,sky is clear,04,2014-04-06,201
135,39.72,36.39,38.95,41.05,1019,48,4.7,,,,,1,Clear,sky is clear,05,2014-04-06,177
136,39.45,36.07,35.92,40.95,1020,48,4.7,,,,,1,Clear,sky is clear,06,2014-04-06,174
137,38.5,36.25,36.37,39.94,1020,50,3.36,,,,,1,Clear,sky is clear,07,2014-04-06,226
138,37.36,31.35,35.38,38.05,1020,51,8.05,,,,,1,Clear,sky is clear,08,2014-04-06,313
139,37.26,31.23,35.38,38.05,1020,54,8.05,,,,,1,Clear,sky is clear,09,2014-04-06,441
140,37.02,30.94,34.95,38.05,1021,55,8.05,,,,,1,Clear,sky is clear,10,2014-04-06,547
141,36.39,30.16,34.95,38.05,1022,56,8.05,,,,,1,Clear,sky is clear,11,2014-04-06,563
142,37.45,32.86,35.94,39.38,1023,53,5.82,,,,,1,Clear,sky is clear,12,2014-04-06,594
143,39.74,35.56,37.31,42.76,1023,46,5.82,,,,,1,Clear,sky is clear,13,2014-04-06,677
144,42.75,39.92,41.34,45.18,1023,40,4.7,,,,,1,Clear,sky is clear,14,2014-04-06,698
145,45.61,45.61,44.04,48.16,1024,33,0.0,,,,,1,Clear,sky is clear,15,2014-04-06,847
146,48.49,46.63,45.05,51.19,1023,29,4.7,,,,,1,Clear,sky is clear,16,2014-04-06,806
147,51.1,47.17,49.95,54.3,1022,27,3.36,,,,,1,Clear,sky is clear,17,2014-04-06,799
148,53.67,49.82,51.75,57.18,1022,23,3.36,,,,,1,Clear,sky is clear,18,2014-04-06,767
149,57.74,54.25,55.02,60.31,1022,22,2.3,,,,,1,Clear,sky is clear,19,2014-04-06,641
150,58.01,54.45,55.94,61.18,1022,20,2.3,,,,,1,Clear,sky is clear,20,2014-04-06,516
151,59.4,55.89,55.94,62.31,1021,18,0.0,,,,,1,Clear,sky is clear,21,2014-04-06,571
152,57.97,54.5,55.24,62.55,1020,22,0.0,,,,,1,Clear,sky is clear,22,2014-04-06,390
153,54.99,51.73,49.23,59.05,1021,33,1.14,,,,,1,Clear,sky is clear,23,2014-04-06,256
154,49.1,46.69,44.01,50.43,1022,44,5.82,,,,,1,Clear,sky is clear,00,2014-04-07,102
155,46.69,46.69,45.23,48.9,1023,45,2.3,,,,,1,Clear,sky is clear,01,2014-04-07,63
156,46.44,46.44,44.01,48.54,1023,48,2.3,,,,,1,Clear,sky is clear,02,2014-04-07,57
157,45.05,45.05,43.0,46.47,1023,52,0.0,,,,,1,Clear,sky is clear,03,2014-04-07,154
158,44.62,44.62,42.04,46.74,1023,57,0.0,,,,,1,Clear,sky is clear,04,2014-04-07,271
159,45.55,41.86,40.37,47.37,1023,54,6.93,,,,,1,Clear,sky is clear,05,2014-04-07,388
160,44.71,41.47,41.95,46.74,1023,56,5.82,,,,,1,Clear,sky is clear,06,2014-04-07,842
161,43.86,43.86,40.96,45.39,1022,57,0.0,,,,,1,Clear,sky is clear,07,2014-04-07,1057
162,43.72,43.72,40.37,45.39,1022,58,0.0,,,,,1,Clear,sky is clear,08,2014-04-07,836
163,43.79,42.28,40.37,45.39,1022,61,3.36,,,,,1,Clear,sky is clear,09,2014-04-07,585
164,43.23,43.23,39.18,45.39,1022,65,0.0,,,,,1,Haze,haze,10,2014-04-07,509
165,42.89,41.25,38.17,44.94,1022,67,3.36,,,,,1,Haze,haze,11,2014-04-07,485
166,43.74,39.67,40.95,46.47,1023,67,6.93,,,,,1,Haze,haze,12,2014-04-07,463
167,45.1,41.95,43.03,48.38,1023,64,5.82,,,,,1,Haze,haze,13,2014-04-07,578
168,45.25,45.25,42.28,48.18,1024,68,2.3,,,,,1,Haze,haze,14,2014-04-07,861
169,48.16,48.16,45.23,50.18,1023,59,1.14,,,,,1,Haze,haze,15,2014-04-07,1061
170,50.59,46.96,48.16,51.94,1023,34,1.14,,,,,1,Clear,sky is clear,16,2014-04-07,1756
171,51.39,48.29,49.95,53.94,1021,44,3.44,,,,,40,Clouds,scattered clouds,17,2014-04-07,2191
172,51.28,48.6,48.0,54.18,1020,53,4.61,,,,,40,Clouds,scattered clouds,18,2014-04-07,2137
173,50.77,48.13,49.95,53.55,1018,55,1.14,,,,,90,Clouds,overcast clouds,19,2014-04-07,2035
174,49.84,49.84,48.16,51.96,1016,61,1.14,0.22,,,,90,Rain,light rain,20,2014-04-07,1176
175,49.8,46.98,48.15,50.43,1015,58,6.93,0.24,,,,90,Rain,light rain,21,2014-04-07,1059
176,47.26,42.96,42.75,50.05,1015,81,9.17,0.88,,,,90,Mist,mist,22,2014-04-07,646
177,47.26,42.96,42.75,50.05,1015,81,9.17,0.88,,,,90,Rain,light rain,22,2014-04-07,646
178,46.47,46.47,42.75,49.05,1014,89,1.14,1.68,,,,90,Rain,moderate rain,23,2014-04-07,238
179,46.47,46.47,42.75,49.05,1014,89,1.14,1.68,,,,90,Mist,mist,23,2014-04-07,238
180,46.78,43.34,44.04,49.05,1012,90,6.93,0.93,,,,90,Rain,moderate rain,00,2014-04-08,187
181,46.78,43.34,44.04,49.05,1012,90,6.93,0.93,,,,90,Mist,mist,00,2014-04-08,187
182,45.34,39.76,42.06,48.94,1011,93,11.41,2.11,,,,90,Rain,moderate rain,01,2014-04-08,72
183,45.34,39.76,42.06,48.94,1011,93,11.41,2.11,,,,90,Mist,mist,01,2014-04-08,72
184,44.92,41.74,40.95,48.94,1010,94,5.82,1.41,,,,90,Rain,moderate rain,02,2014-04-08,63
185,44.92,41.74,40.95,48.94,1010,94,5.82,1.41,,,,90,Mist,mist,02,2014-04-08,63
186,44.71,39.36,40.95,49.23,1008,93,10.29,1.12,,,,90,Rain,moderate rain,03,2014-04-08,119
187,44.71,39.36,40.95,49.23,1008,93,10.29,1.12,,,,90,Mist,mist,03,2014-04-08,119
188,43.86,42.37,41.27,46.36,1007,92,3.36,,,,,90,Mist,mist,04,2014-04-08,184
189,45.05,43.72,42.06,48.0,1005,91,3.36,0.19,,,,90,Mist,mist,05,2014-04-08,427
190,45.05,43.72,42.06,48.0,1005,91,3.36,0.19,,,,90,Rain,light rain,05,2014-04-08,427
191,47.1,44.31,42.75,49.23,1003,93,5.82,0.51,,,,90,Mist,mist,06,2014-04-08,889
192,47.1,44.31,42.75,49.23,1003,93,5.82,0.51,,,,90,Rain,light rain,06,2014-04-08,889
193,47.41,46.42,44.04,48.94,1002,94,3.36,0.19,,,,90,Fog,fog,07,2014-04-08,1159
194,47.41,46.42,44.04,48.94,1002,94,3.36,0.19,,,,90,Rain,light rain,07,2014-04-08,1159
195,47.89,45.93,44.04,49.35,1001,94,4.7,0.3,,,,90,Mist,mist,08,2014-04-08,1069
196,47.89,45.93,44.04,49.35,1001,94,4.7,0.3,,,,90,Rain,light rain,08,2014-04-08,1069
197,48.27,47.39,44.94,48.94,1000,94,3.36,3.3,,,,90,Rain,heavy intensity rain,09,2014-04-08,611
198,48.27,47.39,44.94,48.94,1000,94,3.36,3.3,,,,90,Mist,mist,09,2014-04-08,611
199,48.36,47.5,46.02,49.35,999,93,3.36,1.0,,,,90,Mist,mist,10,2014-04-08,507
200,48.36,47.5,46.02,49.35,999,93,3.36,1.0,,,,90,Rain,light rain,10,2014-04-08,507
201,48.79,48.79,46.35,50.05,998,95,0.0,2.35,,,,90,Rain,moderate rain,11,2014-04-08,548
202,48.79,48.79,46.35,50.05,998,95,0.0,2.35,,,,90,Mist,mist,11,2014-04-08,548
203,49.73,49.06,46.35,51.76,998,95,3.36,2.03,,,,90,Mist,mist,12,2014-04-08,518
204,49.73,49.06,46.35,51.76,998,95,3.36,2.03,,,,90,Rain,moderate rain,12,2014-04-08,518
205,51.62,50.81,49.37,53.06,998,92,3.36,0.25,,,,90,Mist,mist,13,2014-04-08,584
206,51.62,50.81,49.37,53.06,998,92,3.36,0.25,,,,90,Rain,light rain,13,2014-04-08,584
207,54.3,53.8,50.95,56.37,998,93,3.36,0.31,,,,90,Mist,mist,14,2014-04-08,716
208,54.3,53.8,50.95,56.37,998,93,3.36,0.31,,,,90,Rain,light rain,14,2014-04-08,716
209,58.33,58.05,55.94,60.96,997,89,2.3,0.25,,,,20,Mist,mist,15,2014-04-08,996
210,58.33,58.05,55.94,60.96,997,89,2.3,0.25,,,,20,Rain,light rain,15,2014-04-08,996
211,60.42,59.97,57.94,64.36,997,81,2.3,0.25,,,,75,Rain,light rain,16,2014-04-08,1206
212,63.12,62.01,62.06,65.03,996,61,4.61,,,,,75,Clouds,broken clouds,17,2014-04-08,1386
213,64.02,62.47,62.94,66.16,996,50,9.19,,,,,75,Clouds,broken clouds,18,2014-04-08,1062
214,64.45,62.67,63.3,65.23,996,44,9.19,,,,,75,Clouds,broken clouds,19,2014-04-08,929
215,62.62,60.55,60.94,64.27,997,42,4.7,,,,,75,Clouds,broken clouds,20,2014-04-08,1127
216,62.22,60.03,60.94,63.18,997,40,4.61,,,,,75,Clouds,broken clouds,21,2014-04-08,944
217,60.12,57.76,58.95,61.14,999,41,3.44,,,,,75,Clouds,broken clouds,22,2014-04-08,587
218,58.82,56.34,57.38,59.43,1000,41,12.75,,,,,1,Clear,sky is clear,23,2014-04-08,298
219,57.54,55.02,56.95,58.23,1001,43,5.82,,,,,1,Clear,sky is clear,00,2014-04-09,154
220,55.17,52.45,53.55,55.94,1003,44,10.29,,,,,1,Clear,sky is clear,01,2014-04-09,106
221,53.62,50.79,51.75,54.27,1003,45,12.75,,,,,1,Clear,sky is clear,02,2014-04-09,76
222,51.19,48.4,49.37,52.14,1003,51,11.41,,,,,20,Clouds,few clouds,03,2014-04-09,139
223,49.82,49.15,48.9,50.43,1004,52,3.36,,,,,20,Clouds,few clouds,04,2014-04-09,194
224,48.76,46.29,47.95,49.35,1004,55,5.82,,,,,1,Clear,sky is clear,05,2014-04-09,353
225,48.02,47.1,46.35,48.99,1004,57,3.36,,,,,1,Clear,sky is clear,06,2014-04-09,821
226,47.19,45.12,46.31,48.16,1003,58,4.7,,,,,1,Clear,sky is clear,07,2014-04-09,1050
227,46.67,43.21,45.95,47.37,1003,58,6.93,,,,,1,Clear,sky is clear,08,2014-04-09,858
228,45.59,43.25,44.04,46.74,1004,62,4.7,,,,,1,Clear,sky is clear,09,2014-04-09,565
229,45.01,43.68,41.38,46.0,1005,65,3.36,,,,,1,Clear,sky is clear,10,2014-04-09,533
230,44.96,41.77,40.37,46.24,1005,65,5.82,,,,,1,Clear,sky is clear,11,2014-04-09,552
231,46.94,44.83,46.02,49.17,1006,63,4.7,,,,,1,Clear,sky is clear,12,2014-04-09,590
232,50.11,47.41,46.99,53.28,1007,55,0.0,,,,,1,Clear,sky is clear,13,2014-04-09,683
233,52.83,50.07,51.06,55.36,1006,48,8.05,,,,,1,Clear,sky is clear,14,2014-04-09,849
234,55.78,52.99,53.55,59.38,1007,41,10.29,,,,,1,Clear,sky is clear,15,2014-04-09,1120
235,57.72,54.93,55.02,60.76,1007,37,10.29,,,,,75,Clouds,broken clouds,16,2014-04-09,1276
236,58.1,55.17,55.35,61.18,1007,33,5.82,,,,,1,Clear,sky is clear,17,2014-04-09,1492
237,59.32,56.32,57.0,62.56,1007,29,10.29,,,,,20,Clouds,few clouds,18,2014-04-09,1218
238,59.0,55.81,57.15,62.56,1007,26,12.75,,,,,20,Clouds,few clouds,19,2014-04-09,1152
239,59.52,56.39,57.0,63.03,1007,26,14.99,,,,,20,Clouds,few clouds,20,2014-04-09,995
240,58.95,55.76,56.95,60.94,1008,26,6.93,,,,,20,Clouds,few clouds,21,2014-04-09,988
241,57.34,54.0,55.02,59.95,1009,26,0.0,,,,,20,Clouds,few clouds,22,2014-04-09,717
242,55.42,51.84,53.04,57.16,1010,25,10.29,,,,,1,Clear,sky is clear,23,2014-04-09,362
243,53.49,49.71,51.75,53.94,1012,25,8.05,,,,,1,Clear,sky is clear,00,2014-04-10,176
244,51.84,47.98,51.06,53.56,1014,27,4.7,,,,,1,Clear,sky is clear,01,2014-04-10,106
245,50.36,46.36,49.95,51.04,1015,27,4.7,,,,,1,Clear,sky is clear,02,2014-04-10,72
246,48.92,45.43,48.0,49.96,1016,27,8.05,,,,,1,Clear,sky is clear,03,2014-04-10,154
247,47.08,45.0,46.35,48.16,1018,25,4.7,,,,,1,Clear,sky is clear,04,2014-04-10,223
248,46.45,44.26,44.55,46.74,1018,26,4.7,,,,,1,Clear,sky is clear,05,2014-04-10,360
249,44.92,43.57,40.96,45.39,1019,28,3.36,,,,,1,Clear,sky is clear,06,2014-04-10,833
250,45.03,42.6,40.95,45.39,1019,30,4.7,,,,,1,Clear,sky is clear,07,2014-04-10,971
251,42.62,40.95,37.35,44.55,1019,33,3.36,,,,,1,Clear,sky is clear,08,2014-04-10,834
252,42.49,42.49,38.37,44.94,1020,35,0.0,,,,,1,Clear,sky is clear,09,2014-04-10,654
253,41.61,38.59,37.35,44.94,1021,37,4.7,,,,,1,Clear,sky is clear,10,2014-04-10,561
254,43.36,39.87,37.02,45.27,1022,36,5.82,,,,,1,Clear,sky is clear,11,2014-04-10,627
255,47.01,44.91,42.75,49.26,1023,34,4.7,,,,,1,Clear,sky is clear,12,2014-04-10,623
256,49.89,47.08,48.0,53.04,1023,29,6.93,,,,,1,Clear,sky is clear,13,2014-04-10,822
257,52.29,48.4,49.95,54.03,1024,25,6.93,,,,,1,Clear,sky is clear,14,2014-04-10,1056
258,54.61,50.94,53.04,57.18,1024,25,4.7,,,,,1,Clear,sky is clear,15,2014-04-10,1333
259,56.53,53.11,53.55,60.19,1023,26,4.7,,,,,1,Clear,sky is clear,16,2014-04-10,1553
260,57.13,53.82,54.23,61.18,1022,27,9.17,,,,,1,Clear,sky is clear,17,2014-04-10,1757
261,56.79,53.44,54.23,62.56,1021,27,10.29,,,,,1,Clear,sky is clear,18,2014-04-10,1535
262,56.39,53.04,54.23,65.05,1021,28,10.29,,,,,1,Clear,sky is clear,19,2014-04-10,1312
263,56.88,53.73,54.23,61.18,1019,31,8.05,,,,,1,Clear,sky is clear,20,2014-04-10,1461
264,57.15,54.16,55.35,62.94,1019,34,9.17,,,,,1,Clear,sky is clear,21,2014-04-10,1477
265,56.8,54.07,54.95,60.76,1018,40,16.11,,,,,1,Clear,sky is clear,22,2014-04-10,969
266,55.71,53.13,52.23,58.98,1018,46,8.05,2.29,,,,1,Rain,moderate rain,23,2014-04-10,572
267,55.13,52.56,53.55,57.88,1018,47,11.41,,,,,1,Clear,sky is clear,00,2014-04-11,250
268,54.88,52.18,53.24,57.31,1018,45,6.93,,,,,1,Clear,sky is clear,01,2014-04-11,161
269,54.77,51.87,53.04,56.37,1018,41,6.93,,,,,1,Clear,sky is clear,02,2014-04-11,109
270,55.38,52.56,51.75,58.05,1017,41,9.17,,,,,1,Clear,sky is clear,03,2014-04-11,197
271,54.64,51.84,51.75,58.05,1017,43,0.0,,,,,40,Clouds,scattered clouds,04,2014-04-11,228
272,56.1,53.2,53.04,58.05,1017,38,4.7,,,,,1,Clear,sky is clear,05,2014-04-11,337
273,55.92,53.15,53.04,58.05,1016,41,4.7,,,,,1,Clear,sky is clear,06,2014-04-11,800
274,55.53,52.9,51.75,57.54,1015,45,8.05,,,,,1,Clear,sky is clear,07,2014-04-11,1041
275,55.18,52.7,51.06,57.54,1015,49,8.05,,,,,1,Clear,sky is clear,08,2014-04-11,926
276,53.26,50.92,48.99,56.37,1015,56,4.7,,,,,1,Clear,sky is clear,09,2014-04-11,606
277,54.7,52.41,50.23,57.54,1015,54,3.36,,,,,20,Clouds,few clouds,10,2014-04-11,631
278,56.64,54.36,53.94,58.26,1015,50,8.05,,,,,20,Clouds,few clouds,11,2014-04-11,664
279,57.2,54.97,54.95,58.98,1017,50,4.7,,,,,1,Clear,sky is clear,12,2014-04-11,702
280,58.82,56.66,57.16,60.75,1017,48,6.93,,,,,1,Clear,sky is clear,13,2014-04-11,880
281,62.46,60.28,60.75,63.18,1017,40,4.7,,,,,1,Clear,sky is clear,14,2014-04-11,893
282,66.76,64.87,64.35,69.39,1017,37,9.17,,,,,1,Clear,sky is clear,15,2014-04-11,1266
283,69.13,67.48,66.9,71.24,1016,37,5.82,,,,,1,Clear,sky is clear,16,2014-04-11,1432
284,71.64,70.2,68.31,74.03,1016,36,8.05,,,,,1,Clear,sky is clear,17,2014-04-11,1591
285,74.52,73.22,71.19,78.04,1015,33,8.05,,,,,1,Clear,sky is clear,18,2014-04-11,1518
286,73.44,72.03,69.75,78.04,1014,33,6.93,,,,,1,Clear,sky is clear,19,2014-04-11,1357
287,70.83,69.26,68.23,75.9,1014,35,6.93,,,,,1,Clear,sky is clear,20,2014-04-11,1155
288,70.27,68.54,63.95,75.16,1014,33,3.36,,,,,1,Clear,sky is clear,21,2014-04-11,1180
289,66.81,65.26,62.55,69.76,1015,44,11.41,,,,,1,Clear,sky is clear,22,2014-04-11,1382
290,65.8,64.44,62.55,67.35,1015,50,4.7,,,,,90,Rain,light rain,23,2014-04-11,1114
291,63.45,62.11,60.75,64.74,1016,56,4.7,,,,,20,Clouds,few clouds,00,2014-04-12,666
292,62.42,61.18,59.95,64.06,1017,60,5.82,,,,,20,Drizzle,light intensity drizzle,01,2014-04-12,458
293,61.36,60.15,59.31,63.05,1016,63,4.7,0.26,,,,20,Drizzle,light intensity drizzle,02,2014-04-12,272
294,61.36,60.15,59.31,63.05,1016,63,4.7,0.26,,,,20,Rain,light rain,02,2014-04-12,272
295,60.42,59.18,57.94,62.06,1016,64,4.7,0.35,,,,90,Rain,light rain,03,2014-04-12,178
296,59.43,58.32,56.95,61.03,1016,69,0.0,0.69,,,,90,Drizzle,light intensity drizzle,04,2014-04-12,159
297,59.43,58.32,56.95,61.03,1016,69,0.0,0.69,,,,90,Rain,light rain,04,2014-04-12,159
298,58.01,56.89,55.35,59.23,1017,72,5.82,0.3,,,,90,Drizzle,light intensity drizzle,05,2014-04-12,170
299,58.01,56.89,55.35,59.23,1017,72,5.82,0.3,,,,90,Rain,light rain,05,2014-04-12,170
300,57.45,56.34,55.02,59.23,1017,73,3.36,,,,,90,Drizzle,light intensity drizzle,06,2014-04-12,200
301,55.69,54.54,53.38,57.0,1017,76,3.36,0.3,,,,20,Rain,light rain,07,2014-04-12,255
302,53.85,52.61,51.75,55.36,1018,78,4.7,,,,,75,Clouds,broken clouds,08,2014-04-12,344
303,52.0,50.67,50.95,53.04,1020,80,4.7,,,,,1,Clear,sky is clear,09,2014-04-12,409
304,51.3,49.84,49.95,52.14,1021,79,4.7,,,,,40,Clouds,scattered clouds,10,2014-04-12,514
305,50.9,49.41,46.35,52.14,1021,79,3.36,,,,,1,Clear,sky is clear,11,2014-04-12,544
306,52.0,50.29,50.04,53.94,1022,72,3.36,,,,,1,Clear,sky is clear,12,2014-04-12,611
307,54.95,53.11,53.06,57.15,1023,63,0.0,,,,,1,Clear,sky is clear,13,2014-04-12,628
308,58.23,56.28,55.24,62.28,1024,54,0.0,,,,,1,Clear,sky is clear,14,2014-04-12,715
309,63.7,61.47,62.04,65.26,1024,36,4.7,,,,,1,Clear,sky is clear,15,2014-04-12,1083
310,65.93,63.73,64.0,68.95,1023,32,1.14,,,,,1,Clear,sky is clear,16,2014-04-12,1292
311,70.0,67.93,66.0,72.95,1023,26,2.3,,,,,1,Clear,sky is clear,17,2014-04-12,1230
312,70.3,68.11,67.95,73.94,1022,23,10.29,,,,,1,Clear,sky is clear,18,2014-04-12,1617
313,71.87,69.69,68.95,73.74,1021,20,2.3,,,,,1,Clear,sky is clear,19,2014-04-12,1271
314,70.03,67.91,65.95,74.17,1021,25,3.44,,,,,1,Clear,sky is clear,20,2014-04-12,1063
315,67.05,64.72,64.35,73.18,1021,27,2.3,,,,,1,Clear,sky is clear,21,2014-04-12,1382
316,65.98,63.64,63.95,69.75,1022,29,4.61,,,,,1,Clear,sky is clear,22,2014-04-12,1648
317,62.78,60.26,59.95,67.17,1022,32,3.44,,,,,1,Clear,sky is clear,23,2014-04-12,1461
318,60.26,57.81,57.0,64.18,1022,39,3.44,,,,,1,Clear,sky is clear,00,2014-04-13,1130
319,59.5,56.84,57.24,61.41,1023,36,8.05,,,,,1,Clear,sky is clear,01,2014-04-13,670
320,58.95,56.23,56.95,61.14,1023,36,5.82,,,,,1,Clear,sky is clear,02,2014-04-13,337
321,57.94,55.17,56.23,60.51,1023,37,5.82,,,,,1,Clear,sky is clear,03,2014-04-13,236
322,57.16,54.46,54.23,59.43,1023,40,4.7,,,,,1,Clear,sky is clear,04,2014-04-13,155
323,55.98,53.35,52.38,58.3,1022,44,4.7,,,,,1,Clear,sky is clear,05,2014-04-13,130
324,55.33,52.77,51.39,58.26,1023,47,0.0,,,,,1,Clear,sky is clear,06,2014-04-13,179
325,55.71,53.04,51.39,57.54,1022,44,4.7,,,,,1,Clear,sky is clear,07,2014-04-13,217
326,54.55,52.05,49.95,57.27,1022,50,3.36,,,,,20,Clouds,few clouds,08,2014-04-13,294
327,54.48,52.21,50.38,56.26,1022,55,4.7,,,,,90,Clouds,overcast clouds,09,2014-04-13,439
328,53.87,51.78,51.04,55.74,1022,60,0.0,,,,,75,Clouds,broken clouds,10,2014-04-13,489
329,53.82,52.09,52.95,55.35,1022,68,5.82,,,,,90,Clouds,overcast clouds,11,2014-04-13,581
330,55.11,53.76,53.55,58.05,1022,73,9.17,,,,,40,Clouds,scattered clouds,12,2014-04-13,580
331,58.26,57.22,56.95,61.05,1021,73,10.29,,,,,20,Clouds,few clouds,13,2014-04-13,652
332,58.84,57.99,54.0,63.05,1021,76,4.7,,,,,20,Clouds,few clouds,14,2014-04-13,740
333,61.57,60.73,58.95,67.05,1020,70,5.82,,,,,1,Clear,sky is clear,15,2014-04-13,812
334,66.27,65.55,60.24,74.05,1020,63,3.36,,,,,1,Clear,sky is clear,16,2014-04-13,878
335,70.74,70.05,69.04,74.05,1019,54,4.7,,,,,1,Clear,sky is clear,17,2014-04-13,775
336,72.27,71.49,67.95,80.92,1018,49,6.93,,,,,1,Clear,sky is clear,18,2014-04-13,647
337,74.17,73.22,69.75,82.9,1017,41,8.05,,,,,1,Clear,sky is clear,19,2014-04-13,554
338,74.59,73.67,71.04,82.36,1016,41,3.36,,,,,1,Clear,sky is clear,20,2014-04-13,490
339,75.85,74.88,71.55,82.36,1015,37,8.05,,,,,1,Clear,sky is clear,21,2014-04-13,514
340,73.8,72.99,69.75,81.05,1016,45,6.93,,,,,1,Clear,sky is clear,22,2014-04-13,385
341,71.98,71.19,66.15,79.3,1015,49,10.29,,,,,1,Clear,sky is clear,23,2014-04-13,228
342,69.8,68.88,64.35,78.06,1016,51,10.29,,,,,1,Clear,sky is clear,00,2014-04-14,119
343,66.74,65.66,62.04,72.05,1016,54,10.29,,,,,1,Clear,sky is clear,01,2014-04-14,48
344,65.46,64.49,60.75,70.05,1017,59,8.05,,,,,1,Clear,sky is clear,02,2014-04-14,45
345,65.53,64.65,62.04,67.35,1017,61,0.0,,,,,1,Clear,sky is clear,03,2014-04-14,122
346,64.08,63.28,59.23,68.05,1016,66,6.93,,,,,1,Clear,sky is clear,04,2014-04-14,208
347,64.24,63.55,57.15,67.3,1017,68,3.36,,,,,1,Clear,sky is clear,05,2014-04-14,378
348,63.37,62.71,55.35,65.37,1017,70,4.7,,,,,1,Clear,sky is clear,06,2014-04-14,682
349,61.09,60.42,53.01,66.06,1016,75,3.36,,,,,1,Clear,sky is clear,07,2014-04-14,911
350,61.11,60.49,55.02,64.36,1016,76,0.0,,,,,1,Clear,sky is clear,08,2014-04-14,730
351,62.06,61.48,60.94,63.3,1016,75,4.7,,,,,1,Clear,sky is clear,09,2014-04-14,491
352,61.3,60.71,55.35,65.05,1016,76,4.7,,,,,1,Clear,sky is clear,10,2014-04-14,443
353,59.95,59.22,55.02,65.05,1016,76,4.7,,,,,1,Clear,sky is clear,11,2014-04-14,443
354,62.78,62.15,58.23,66.15,1016,72,9.17,,,,,1,Clear,sky is clear,12,2014-04-14,494
355,63.82,63.19,58.23,68.38,1016,70,4.7,,,,,40,Clouds,scattered clouds,13,2014-04-14,538
356,65.66,65.03,60.75,69.96,1016,66,3.36,,,,,75,Clouds,broken clouds,14,2014-04-14,722
357,70.23,69.78,66.0,78.94,1016,60,10.29,,,,,1,Clear,sky is clear,15,2014-04-14,944
358,72.79,72.27,69.06,76.17,1015,53,0.0,,,,,1,Clear,sky is clear,16,2014-04-14,1030
359,71.02,70.27,66.0,77.95,1014,52,0.0,,,,,1,Clear,sky is clear,17,2014-04-14,965
360,72.32,71.6,67.95,78.76,1014,50,8.05,,,,,20,Clouds,few clouds,18,2014-04-14,721
361,73.65,72.97,69.75,80.55,1013,48,9.17,,,,,40,Clouds,scattered clouds,19,2014-04-14,643
362,72.21,71.35,68.23,79.18,1012,47,12.75,,,,,1,Clear,sky is clear,20,2014-04-14,677
363,69.93,68.97,65.23,78.76,1012,50,8.05,,,,,1,Clear,sky is clear,21,2014-04-14,620
364,69.49,68.59,65.23,75.88,1012,52,4.61,,,,,1,Clear,sky is clear,22,2014-04-14,443
365,65.48,64.45,61.23,73.06,1011,58,11.41,,,,,1,Clear,sky is clear,23,2014-04-14,257
366,64.27,63.32,60.75,71.06,1012,62,9.17,,,,,1,Clear,sky is clear,00,2014-04-15,137
367,63.28,62.42,58.95,68.05,1012,66,9.17,,,,,1,Clear,sky is clear,01,2014-04-15,71
368,61.39,60.62,57.15,68.05,1012,72,9.17,,,,,1,Clear,sky is clear,02,2014-04-15,61
369,60.76,60.06,55.24,68.05,1012,75,5.82,,,,,1,Clear,sky is clear,03,2014-04-15,104
370,59.9,59.31,55.24,67.05,1011,79,5.82,,,,,1,Clear,sky is clear,04,2014-04-15,141
371,59.45,58.91,55.02,67.05,1011,81,6.93,,,,,1,Clear,sky is clear,05,2014-04-15,277
372,59.95,59.45,55.02,67.05,1010,81,6.93,,,,,20,Clouds,few clouds,06,2014-04-15,564
373,58.05,57.54,53.55,68.05,1010,85,9.17,,,,,20,Clouds,few clouds,07,2014-04-15,992
374,57.49,57.02,53.01,64.36,1009,87,4.7,,,,,20,Clouds,few clouds,08,2014-04-15,921
375,59.63,59.34,55.38,66.06,1009,86,5.82,1.27,,,,90,Mist,mist,09,2014-04-15,663
376,59.63,59.34,55.38,66.06,1009,86,5.82,1.27,,,,90,Rain,moderate rain,09,2014-04-15,663
377,58.08,57.96,55.38,62.94,1008,93,9.17,0.99,,,,90,Rain,light rain,10,2014-04-15,727
378,58.08,57.96,55.38,62.94,1008,93,9.17,0.99,,,,90,Mist,mist,10,2014-04-15,727
379,59.29,59.23,57.0,62.94,1008,92,12.75,,,,,90,Clouds,overcast clouds,11,2014-04-15,741
380,60.78,60.69,58.95,64.36,1007,88,0.0,0.3,,,,90,Haze,haze,12,2014-04-15,688
381,60.78,60.69,58.95,64.36,1007,88,0.0,0.3,,,,90,Rain,light rain,12,2014-04-15,688
382,60.46,60.33,57.24,64.36,1006,88,12.75,0.54,,,,90,Rain,light rain,13,2014-04-15,798
383,60.46,60.33,57.24,64.36,1006,88,12.75,0.54,,,,90,Mist,mist,13,2014-04-15,798
384,60.13,60.08,56.23,64.36,1005,90,8.05,1.71,,,,90,Rain,moderate rain,14,2014-04-15,881
385,60.13,60.08,56.23,64.36,1005,90,8.05,1.71,,,,90,Mist,mist,14,2014-04-15,881
386,60.21,60.15,57.24,65.05,1004,90,0.0,2.29,0.3,,,90,Mist,mist,15,2014-04-15,1012
387,60.21,60.15,57.24,65.05,1004,90,0.0,2.29,0.3,,,90,Rain,moderate rain,15,2014-04-15,1012
388,59.52,59.4,56.23,65.05,1003,90,10.29,0.67,,,,90,Rain,light rain,16,2014-04-15,1580
389,59.52,59.4,56.23,65.05,1003,90,10.29,0.67,,,,90,Mist,mist,16,2014-04-15,1580
390,59.25,59.11,54.0,66.06,1002,90,11.41,0.44,,,,90,Rain,light rain,17,2014-04-15,1767
391,59.25,59.11,54.0,66.06,1002,90,11.41,0.44,,,,90,Mist,mist,17,2014-04-15,1767
392,59.38,59.2,55.24,67.05,1001,89,12.75,0.28,,,,90,Mist,mist,18,2014-04-15,1702
393,59.38,59.2,55.24,67.05,1001,89,12.75,0.28,,,,90,Rain,light rain,18,2014-04-15,1702
394,58.66,58.5,53.01,67.05,1000,91,8.05,0.41,,,,90,Rain,light rain,19,2014-04-15,1743
395,58.66,58.5,53.01,67.05,1000,91,8.05,0.41,,,,90,Mist,mist,19,2014-04-15,1743
396,59.25,59.02,53.01,68.05,1000,88,4.7,0.28,,,,90,Rain,light rain,20,2014-04-15,1802
397,59.79,59.47,52.18,66.16,1001,85,3.36,0.25,0.8,,,90,Rain,light rain,21,2014-04-15,1629
398,51.1,49.68,49.95,53.31,1004,80,16.11,2.57,,,,90,Rain,moderate rain,22,2014-04-15,1076
399,47.43,42.37,45.3,48.94,1005,84,11.41,1.02,,,,90,Rain,moderate rain,23,2014-04-15,564
400,44.6,38.39,43.23,46.99,1007,83,12.75,0.49,,,,90,Rain,light rain,00,2014-04-16,216
401,41.59,35.06,39.54,43.23,1009,85,11.41,1.11,,,,90,Rain,moderate rain,01,2014-04-16,97
402,38.75,31.5,36.3,39.94,1010,85,11.41,1.24,,,,90,Rain,moderate rain,02,2014-04-16,72
403,35.44,30.47,34.14,37.94,1012,88,5.82,1.27,,,,90,Snow,light snow,03,2014-04-16,122
404,35.44,30.47,34.14,37.94,1012,88,5.82,1.27,,,,90,Mist,mist,03,2014-04-16,122
405,35.44,30.47,34.14,37.94,1012,88,5.82,1.27,,,,90,Rain,moderate rain,03,2014-04-16,122
406,34.68,26.91,33.76,35.58,1013,86,10.29,0.2,,,,90,Snow,light snow,04,2014-04-16,168
407,34.68,26.91,33.76,35.58,1013,86,10.29,0.2,,,,90,Mist,mist,04,2014-04-16,168
408,34.68,26.91,33.76,35.58,1013,86,10.29,0.2,,,,90,Rain,light rain,04,2014-04-16,168
409,34.61,26.31,33.75,35.94,1014,82,11.41,1.9,,,,90,Snow,light snow,05,2014-04-16,330
410,34.61,26.31,33.75,35.94,1014,82,11.41,1.9,,,,90,Rain,moderate rain,05,2014-04-16,330
411,35.83,27.84,34.38,37.35,1015,71,11.41,0.78,,,,90,Rain,light rain,06,2014-04-16,695
412,35.71,28.18,34.38,36.95,1015,68,10.29,0.25,,,,75,Rain,light rain,07,2014-04-16,938
413,34.63,26.35,33.76,35.94,1018,64,11.41,,,,,75,Clouds,broken clouds,08,2014-04-16,904
414,33.89,26.49,31.96,35.55,1018,62,9.17,,,,,75,Clouds,broken clouds,09,2014-04-16,646
415,32.36,27.79,30.16,33.94,1021,58,4.7,0.25,,,,20,Rain,light rain,10,2014-04-16,557
416,32.31,27.72,30.38,34.18,1023,55,4.7,,,,,75,Clouds,broken clouds,11,2014-04-16,583
417,32.54,27.01,31.23,34.18,1024,54,5.82,,,,,1,Clear,sky is clear,12,2014-04-16,589
418,34.11,26.76,33.51,35.55,1025,50,9.17,,,,,1,Clear,sky is clear,13,2014-04-16,675
419,35.76,30.85,34.0,38.17,1027,47,5.82,0.25,,,,1,Rain,light rain,14,2014-04-16,843
420,38.39,32.04,36.95,39.94,1028,44,9.17,1.27,,,,1,Rain,moderate rain,15,2014-04-16,1127
421,41.56,37.06,39.0,44.38,1029,38,6.93,1.27,,,,1,Rain,moderate rain,16,2014-04-16,1418
422,43.54,40.86,41.95,46.38,1029,35,4.7,1.02,,,,1,Rain,moderate rain,17,2014-04-16,1514
423,45.05,41.88,42.06,46.94,1030,34,5.82,0.51,,,,1,Rain,light rain,18,2014-04-16,1310
424,46.27,46.27,44.24,48.94,1030,31,0.0,,,,,1,Clear,sky is clear,19,2014-04-16,1187
425,47.44,46.45,44.94,49.95,1030,30,3.36,,,,,1,Clear,sky is clear,20,2014-04-16,1220
426,47.59,46.62,46.06,49.3,1030,30,3.36,,,,,1,Clear,sky is clear,21,2014-04-16,1238
427,47.53,47.53,45.95,49.17,1030,28,0.0,,,,,1,Clear,sky is clear,22,2014-04-16,778
428,46.72,42.3,45.27,48.15,1031,30,9.17,0.25,,,,1,Rain,light rain,23,2014-04-16,490
429,45.57,41.34,43.38,47.17,1032,29,8.05,,,,,1,Clear,sky is clear,00,2014-04-17,227
430,44.94,39.65,43.27,46.06,1033,31,10.29,,,,,1,Clear,sky is clear,01,2014-04-17,108
431,43.14,43.14,41.38,44.55,1034,33,2.3,,,,,1,Clear,sky is clear,02,2014-04-17,101
432,42.3,36.84,40.95,43.05,1035,34,9.17,,,,,1,Clear,sky is clear,03,2014-04-17,131
433,39.9,34.45,39.15,40.98,1035,36,8.05,,,,,1,Clear,sky is clear,04,2014-04-17,210
434,38.95,33.91,37.36,39.9,1036,42,6.93,,,,,1,Clear,sky is clear,05,2014-04-17,347
435,38.66,32.94,36.37,39.54,1036,44,8.05,,,,,1,Clear,sky is clear,06,2014-04-17,766
436,37.71,30.2,35.38,38.37,1037,46,11.41,,,,,1,Clear,sky is clear,07,2014-04-17,1052
437,37.51,31.53,35.38,38.37,1037,47,8.05,,,,,1,Clear,sky is clear,08,2014-04-17,898
438,37.33,30.72,33.76,38.95,1037,51,9.17,,,,,1,Clear,sky is clear,09,2014-04-17,656
439,36.57,29.79,34.38,37.94,1038,53,9.17,,,,,1,Clear,sky is clear,10,2014-04-17,611
440,36.54,29.21,35.28,38.17,1039,55,10.29,,,,,1,Clear,sky is clear,11,2014-04-17,665
441,37.71,29.68,36.23,39.18,1040,51,12.75,,,,,1,Clear,sky is clear,12,2014-04-17,706
442,38.57,30.76,37.74,40.17,1041,46,12.75,,,,,1,Clear,sky is clear,13,2014-04-17,849
443,41.13,35.92,39.0,42.76,1041,49,8.05,,,,,1,Clear,sky is clear,14,2014-04-17,983
444,43.11,36.5,40.95,44.56,1041,48,12.75,,,,,1,Clear,sky is clear,15,2014-04-17,1179
445,45.0,39.72,40.95,47.95,1041,46,10.29,,,,,1,Clear,sky is clear,16,2014-04-17,1478
446,46.63,43.16,44.04,49.05,1040,44,6.93,,,,,20,Clouds,few clouds,17,2014-04-17,1637
447,45.39,41.13,42.01,49.17,1040,46,8.05,,,,,90,Clouds,overcast clouds,18,2014-04-17,1680
448,46.36,43.45,43.0,49.17,1040,47,5.82,,,,,90,Clouds,overcast clouds,19,2014-04-17,1541
449,45.82,45.82,43.0,48.9,1039,49,0.0,,,,,90,Clouds,overcast clouds,20,2014-04-17,1514
450,45.99,42.39,43.0,49.98,1038,51,6.93,,,,,20,Clouds,few clouds,21,2014-04-17,1529
451,45.88,44.67,44.02,48.9,1038,51,3.36,,,,,75,Clouds,broken clouds,22,2014-04-17,1331
452,44.35,42.93,41.0,48.9,1038,54,3.36,0.51,,,,20,Rain,light rain,23,2014-04-17,774
453,42.57,38.26,41.27,44.55,1038,62,6.93,,,,,1,Clear,sky is clear,00,2014-04-18,438
454,41.74,41.74,39.99,45.05,1038,66,2.3,,,,,1,Clear,sky is clear,01,2014-04-18,222
455,40.89,36.95,39.15,42.96,1037,66,5.82,,,,,1,Clear,sky is clear,02,2014-04-18,148
456,40.96,36.34,39.0,42.75,1037,66,6.93,,,,,1,Clear,sky is clear,03,2014-04-18,208
457,39.88,39.88,39.0,40.98,1037,60,0.0,,,,,1,Clear,sky is clear,04,2014-04-18,228
458,38.35,32.56,37.27,39.94,1037,64,8.05,,,,,1,Clear,sky is clear,05,2014-04-18,292
459,38.48,34.07,37.02,41.05,1037,67,5.82,,,,,1,Clear,sky is clear,06,2014-04-18,401
460,38.25,34.66,37.02,41.05,1036,66,4.7,,,,,75,Clouds,broken clouds,07,2014-04-18,646
461,37.98,33.48,36.23,39.94,1035,66,5.82,,,,,90,Clouds,overcast clouds,08,2014-04-18,720
462,37.0,30.33,35.24,37.94,1033,67,9.17,,,,,90,Clouds,overcast clouds,09,2014-04-18,640
463,36.55,29.25,34.18,37.94,1034,66,10.29,,,,,90,Clouds,overcast clouds,10,2014-04-18,558
464,35.82,29.46,34.38,37.36,1034,67,8.05,,,,,90,Clouds,overcast clouds,11,2014-04-18,634
465,36.95,33.15,35.24,38.95,1035,68,4.7,,,,,75,Clouds,broken clouds,12,2014-04-18,665
466,38.41,34.0,36.27,40.95,1035,66,5.82,,,,,90,Clouds,overcast clouds,13,2014-04-18,770
467,40.24,34.32,37.35,42.94,1034,61,9.17,,,,,75,Clouds,broken clouds,14,2014-04-18,877
468,42.69,37.83,39.9,44.94,1033,56,8.05,,,,,40,Clouds,scattered clouds,15,2014-04-18,1139
469,42.91,38.68,39.15,45.95,1033,59,6.93,,,,,75,Clouds,broken clouds,16,2014-04-18,1276
470,44.35,40.41,40.95,45.95,1032,54,6.93,,,,,1,Clear,sky is clear,17,2014-04-18,1165
471,45.66,42.6,42.75,47.37,1031,53,5.82,,,,,1,Clear,sky is clear,18,2014-04-18,1344
472,47.17,47.17,44.55,50.05,1030,50,0.0,,,,,1,Clear,sky is clear,19,2014-04-18,1147
473,47.43,44.71,44.04,49.95,1029,52,5.82,,,,,1,Clear,sky is clear,20,2014-04-18,1055
474,47.89,46.96,44.55,50.95,1029,49,3.36,,,,,1,Clear,sky is clear,21,2014-04-18,1149
475,46.8,43.95,45.23,51.06,1027,54,5.82,,,,,1,Clear,sky is clear,22,2014-04-18,1326
476,45.61,44.37,43.0,50.05,1027,57,3.36,,,,,1,Clear,sky is clear,23,2014-04-18,1026
477,43.72,43.72,41.23,46.92,1026,62,0.0,,,,,1,Clear,sky is clear,00,2014-04-19,635
478,43.86,41.23,42.39,44.94,1027,61,4.7,,,,,1,Clear,sky is clear,01,2014-04-19,443
479,42.76,39.94,41.23,44.55,1026,66,4.7,,,,,1,Clear,sky is clear,02,2014-04-19,301
480,43.0,43.0,41.0,44.55,1026,69,0.0,,,,,1,Clear,sky is clear,03,2014-04-19,223
481,42.85,42.85,41.95,43.41,1025,69,0.0,,,,,1,Clear,sky is clear,04,2014-04-19,151
482,41.94,38.98,39.88,43.14,1025,70,4.7,,,,,1,Clear,sky is clear,05,2014-04-19,154
483,41.83,41.83,39.88,43.14,1025,70,0.0,,,,,1,Clear,sky is clear,06,2014-04-19,176
484,41.85,38.88,39.88,43.14,1024,69,4.7,,,,,1,Clear,sky is clear,07,2014-04-19,221
485,42.03,42.03,38.98,43.41,1024,72,0.0,,,,,1,Clear,sky is clear,08,2014-04-19,290
486,42.04,40.3,38.98,43.41,1024,75,3.36,,,,,1,Clear,sky is clear,09,2014-04-19,386
487,42.82,41.18,39.15,44.94,1024,73,3.36,,,,,1,Clear,sky is clear,10,2014-04-19,464
488,43.9,41.27,40.96,44.94,1025,70,4.7,,,,,1,Clear,sky is clear,11,2014-04-19,542
489,45.97,45.97,42.01,47.26,1025,68,0.0,,,,,1,Clear,sky is clear,12,2014-04-19,603
490,49.86,49.86,46.24,54.95,1025,61,0.0,,,,,1,Clear,sky is clear,13,2014-04-19,616
491,56.32,53.47,53.94,57.94,1025,39,3.36,,,,,1,Clear,sky is clear,14,2014-04-19,677
492,58.77,55.8,57.0,62.38,1025,31,6.93,,,,,1,Clear,sky is clear,15,2014-04-19,912
493,62.06,58.91,60.06,64.38,1025,20,6.93,,,,,1,Clear,sky is clear,16,2014-04-19,1014
494,62.87,59.9,60.75,64.9,1024,22,8.05,,,,,1,Clear,sky is clear,17,2014-04-19,979
495,64.69,61.93,64.35,65.37,1024,23,3.36,,,,,1,Clear,sky is clear,18,2014-04-19,1036
496,66.11,63.41,64.0,67.3,1024,21,9.17,,,,,1,Clear,sky is clear,19,2014-04-19,1004
497,66.07,63.32,63.27,68.31,1023,20,9.17,,,,,1,Clear,sky is clear,20,2014-04-19,828
498,66.09,63.3,63.95,67.98,1024,19,9.17,,,,,1,Clear,sky is clear,21,2014-04-19,992
499,65.89,63.07,64.02,66.94,1024,19,4.7,,,,,1,Clear,sky is clear,22,2014-04-19,1105
500,63.23,60.19,60.75,66.15,1025,20,8.05,,,,,1,Clear,sky is clear,23,2014-04-19,850
501,61.59,58.44,58.95,63.05,1025,21,3.36,,,,,1,Clear,sky is clear,00,2014-04-20,544
502,59.31,56.21,56.23,61.14,1026,27,4.7,,,,,1,Clear,sky is clear,01,2014-04-20,433
503,57.94,54.7,57.0,59.04,1027,27,10.29,,,,,1,Clear,sky is clear,02,2014-04-20,275
504,56.08,52.7,55.0,57.24,1027,28,11.41,,,,,1,Clear,sky is clear,03,2014-04-20,209
505,54.23,50.9,52.38,55.94,1028,33,6.93,,,,,1,Clear,sky is clear,04,2014-04-20,149
506,53.1,49.75,51.39,53.94,1028,35,10.29,,,,,1,Clear,sky is clear,05,2014-04-20,118
507,52.66,49.28,49.96,54.95,1028,35,9.17,,,,,1,Clear,sky is clear,06,2014-04-20,126
508,51.13,47.82,48.9,51.51,1030,40,11.41,,,,,1,Clear,sky is clear,07,2014-04-20,183
509,48.85,43.75,46.35,51.76,1030,55,12.75,,,,,1,Clear,sky is clear,08,2014-04-20,291
510,48.42,44.82,46.02,51.06,1030,57,8.05,,,,,1,Clear,sky is clear,09,2014-04-20,431
511,46.99,42.62,46.02,48.16,1031,61,9.17,,,,,1,Clear,sky is clear,10,2014-04-20,509
512,46.78,42.35,45.27,48.94,1032,56,9.17,,,,,1,Clear,sky is clear,11,2014-04-20,579
513,47.66,43.03,46.35,48.94,1032,45,10.29,,,,,1,Clear,sky is clear,12,2014-04-20,619
514,48.79,44.83,48.0,51.06,1032,42,9.17,,,,,1,Clear,sky is clear,13,2014-04-20,642
515,50.05,46.63,48.27,51.96,1032,40,11.41,,,,,1,Clear,sky is clear,14,2014-04-20,604
516,53.19,49.86,51.06,53.94,1033,35,8.05,,,,,1,Clear,sky is clear,15,2014-04-20,727
517,55.71,52.43,51.96,56.37,1033,31,3.36,,,,,1,Clear,sky is clear,16,2014-04-20,735
518,56.73,53.42,53.02,57.45,1032,28,0.0,,,,,1,Clear,sky is clear,17,2014-04-20,618
519,54.23,50.81,51.76,60.19,1032,31,9.17,,,,,1,Clear,sky is clear,18,2014-04-20,664
520,53.89,50.63,51.24,57.15,1031,35,3.36,,,,,1,Clear,sky is clear,19,2014-04-20,696
521,52.93,49.71,50.23,55.38,1031,38,3.36,,,,,1,Clear,sky is clear,20,2014-04-20,631
522,51.66,48.36,49.96,56.17,1030,39,3.36,,,,,1,Clear,sky is clear,21,2014-04-20,596
523,51.51,48.2,49.23,53.94,1030,39,5.82,,,,,1,Clear,sky is clear,22,2014-04-20,404
524,50.88,47.5,48.0,53.19,1030,39,6.93,,,,,1,Clear,sky is clear,23,2014-04-20,234
525,48.43,45.9,46.0,49.98,1029,41,5.82,,,,,1,Clear,sky is clear,00,2014-04-21,113
526,47.46,47.46,44.92,48.9,1029,46,1.14,,,,,1,Clear,sky is clear,01,2014-04-21,66
527,47.35,46.35,44.56,48.54,1029,45,3.36,,,,,1,Clear,sky is clear,02,2014-04-21,58
528,46.76,45.68,44.01,48.27,1028,44,3.36,,,,,1,Clear,sky is clear,03,2014-04-21,131
529,45.72,45.72,43.95,46.94,1027,44,0.0,,,,,1,Clear,sky is clear,04,2014-04-21,267
530,45.25,45.25,41.38,46.94,1026,47,0.0,,,,,1,Clear,sky is clear,05,2014-04-21,398
531,44.44,43.03,42.06,45.95,1025,50,3.36,,,,,1,Clear,sky is clear,06,2014-04-21,674
532,43.65,42.12,40.05,45.27,1025,50,3.36,,,,,1,Clear,sky is clear,07,2014-04-21,915
533,43.84,41.2,40.05,44.94,1025,50,4.7,,,,,1,Clear,sky is clear,08,2014-04-21,711
534,42.22,40.5,36.37,44.94,1024,59,3.36,,,,,1,Clear,sky is clear,09,2014-04-21,522
535,41.67,37.87,36.37,43.95,1024,63,5.82,,,,,1,Clear,sky is clear,10,2014-04-21,440
536,42.26,42.26,39.15,43.95,1024,64,0.0,,,,,1,Clear,sky is clear,11,2014-04-21,461
537,46.08,43.81,42.19,46.94,1023,56,4.7,,,,,1,Clear,sky is clear,12,2014-04-21,443
538,49.21,47.48,47.95,52.0,1023,45,4.7,,,,,1,Clear,sky is clear,13,2014-04-21,543
539,52.74,49.68,48.0,56.95,1022,42,5.82,,,,,1,Clear,sky is clear,14,2014-04-21,718
540,56.48,53.33,53.04,60.24,1022,32,4.7,,,,,1,Clear,sky is clear,15,2014-04-21,836
541,58.6,55.47,55.35,62.31,1021,28,0.0,,,,,1,Clear,sky is clear,16,2014-04-21,1013
542,62.44,59.5,58.95,67.17,1019,24,0.0,,,,,1,Clear,sky is clear,17,2014-04-21,1063
543,63.91,61.03,59.95,69.19,1018,22,5.82,,,,,1,Clear,sky is clear,18,2014-04-21,871
544,63.81,60.87,57.94,69.19,1017,21,6.93,,,,,1,Clear,sky is clear,19,2014-04-21,836
545,63.36,60.66,57.94,68.18,1016,27,6.93,,,,,1,Clear,sky is clear,20,2014-04-21,734
546,60.58,58.17,56.95,68.18,1015,39,8.05,,,,,1,Clear,sky is clear,21,2014-04-21,615
547,59.32,57.02,55.94,64.92,1015,44,5.82,,,,,1,Clear,sky is clear,22,2014-04-21,443
548,56.48,54.27,53.24,63.18,1014,52,4.61,,,,,1,Clear,sky is clear,23,2014-04-21,291
549,55.35,53.2,52.95,59.05,1014,56,4.61,,,,,1,Clear,sky is clear,00,2014-04-22,150
550,53.13,51.1,50.23,55.92,1014,63,1.14,,,,,1,Clear,sky is clear,01,2014-04-22,62
551,52.81,50.79,50.23,55.35,1013,64,4.7,,,,,1,Clear,sky is clear,02,2014-04-22,61
552,52.84,50.74,51.06,53.94,1013,62,3.36,,,,,1,Clear,sky is clear,03,2014-04-22,88
553,52.39,50.43,50.31,53.55,1012,66,1.14,,,,,1,Clear,sky is clear,04,2014-04-22,207
554,51.93,50.02,49.23,54.05,1011,68,0.0,,,,,1,Clear,sky is clear,05,2014-04-22,327
555,51.44,49.71,48.16,53.94,1011,73,3.36,,,,,1,Clear,sky is clear,06,2014-04-22,719
556,51.31,49.62,48.0,53.94,1010,74,5.82,,,,,1,Clear,sky is clear,07,2014-04-22,945
557,50.85,49.15,48.16,52.41,1009,75,6.93,,,,,1,Clear,sky is clear,08,2014-04-22,802
558,50.63,49.01,47.98,52.41,1009,77,4.7,,,,,1,Clear,sky is clear,09,2014-04-22,506
559,50.4,48.79,48.16,52.41,1008,78,0.0,,,,,1,Clear,sky is clear,10,2014-04-22,550
560,50.7,49.19,48.31,52.41,1008,79,9.17,,,,,1,Clear,sky is clear,11,2014-04-22,522
561,53.65,52.2,51.01,55.24,1007,74,4.7,,,,,1,Clear,sky is clear,12,2014-04-22,505
562,55.11,53.71,52.0,58.98,1007,72,2.3,,,,,1,Clear,sky is clear,13,2014-04-22,613
563,59.49,58.01,58.95,60.75,1006,61,6.93,,,,,1,Clear,sky is clear,14,2014-04-22,834
564,64.45,63.0,62.19,66.94,1005,51,10.29,,,,,1,Clear,sky is clear,15,2014-04-22,1374
565,65.66,64.24,62.24,69.19,1004,49,3.36,,,,,1,Clear,sky is clear,16,2014-04-22,1629
566,66.96,65.43,64.35,71.31,1003,44,8.05,,,,,1,Clear,sky is clear,17,2014-04-22,1612
567,69.15,67.84,64.02,73.36,1002,44,9.17,,,,,1,Clear,sky is clear,18,2014-04-22,1342
568,70.16,68.85,64.35,75.88,1001,42,6.93,,,,,1,Clear,sky is clear,19,2014-04-22,1115
569,69.08,67.71,64.02,75.94,1001,43,5.82,0.16,,,,75,Rain,light rain,20,2014-04-22,1118
570,66.45,65.28,62.55,70.38,1001,53,0.0,0.85,,,,90,Rain,light rain,21,2014-04-22,967
571,66.11,65.19,62.55,67.35,1000,59,0.0,0.3,,,,90,Rain,light rain,22,2014-04-22,614
572,65.48,64.45,62.94,66.54,1000,58,6.93,,,,,90,Rain,light rain,23,2014-04-22,313
573,64.26,63.34,62.38,65.03,1000,63,8.05,,,,,90,Rain,light rain,00,2014-04-23,149
574,63.45,62.55,62.94,64.36,1000,65,3.36,,,,,40,Clouds,scattered clouds,01,2014-04-23,92
575,62.94,62.04,61.95,64.35,1000,66,3.36,,,,,75,Clouds,broken clouds,02,2014-04-23,64
576,62.1,61.11,60.75,64.35,1000,66,1.14,,,,,1,Clear,sky is clear,03,2014-04-23,90
577,61.79,60.53,59.95,64.35,999,61,4.7,,,,,1,Clear,sky is clear,04,2014-04-23,212
578,60.51,59.13,57.15,62.55,1000,61,2.3,,,,,1,Clear,sky is clear,05,2014-04-23,383
579,59.29,57.92,56.95,60.96,999,64,2.3,,,,,1,Clear,sky is clear,06,2014-04-23,795
580,57.99,56.5,56.95,59.43,999,64,6.93,,,,,90,Clouds,overcast clouds,07,2014-04-23,1088
581,56.07,54.34,54.37,57.16,999,63,5.82,,,,,90,Clouds,overcast clouds,08,2014-04-23,946
582,54.61,52.77,51.31,55.47,1000,64,5.82,,,,,90,Clouds,overcast clouds,09,2014-04-23,630
583,51.55,49.32,50.31,52.14,1001,62,8.05,0.15,,,,90,Rain,light rain,10,2014-04-23,694
584,50.38,47.61,49.37,51.75,1001,53,4.7,,,,,90,Clouds,overcast clouds,11,2014-04-23,659
585,50.65,47.8,49.37,51.94,1002,51,6.93,,,,,90,Clouds,overcast clouds,12,2014-04-23,684
586,50.95,48.24,49.95,52.95,1002,53,9.17,,,,,90,Clouds,overcast clouds,13,2014-04-23,782
587,52.54,49.93,51.06,53.94,1002,52,1.14,,,,,75,Clouds,broken clouds,14,2014-04-23,991
588,51.82,49.24,49.95,53.94,1002,54,12.75,,,,,90,Clouds,overcast clouds,15,2014-04-23,1280
589,53.26,50.68,51.75,55.94,1003,51,8.05,,,,,90,Clouds,overcast clouds,16,2014-04-23,1550
590,55.8,53.24,53.55,58.37,1002,46,8.05,,,,,90,Clouds,overcast clouds,17,2014-04-23,1744
591,56.77,54.16,54.95,60.76,1002,43,6.93,,,,,90,Dust,dust,18,2014-04-23,1516
592,57.79,55.2,55.35,62.56,1002,41,0.0,,,,,90,Dust,dust,19,2014-04-23,1535
593,59.13,56.48,57.15,61.18,1003,37,13.87,,,,,75,Dust,dust,20,2014-04-23,1659
594,58.05,55.47,56.17,60.04,1004,41,11.41,,,,,75,Dust,dust,21,2014-04-23,1393
595,55.63,52.92,53.55,57.24,1004,43,14.99,,,,,40,Dust,dust,22,2014-04-23,934
596,52.09,49.24,49.37,54.05,1006,48,0.0,,,,,75,Clouds,broken clouds,23,2014-04-23,476
597,49.01,45.1,48.0,50.95,1008,48,9.17,,,,,75,Clouds,broken clouds,00,2014-04-24,195
598,47.82,42.87,46.24,48.94,1009,48,11.41,,,,,90,Clouds,overcast clouds,01,2014-04-24,139
599,46.47,41.56,45.37,47.03,1010,52,10.29,,,,,90,Clouds,overcast clouds,02,2014-04-24,103
600,46.58,45.39,45.05,47.05,1010,53,3.44,,,,,75,Clouds,broken clouds,03,2014-04-24,152
601,45.37,45.37,44.31,46.35,1010,56,0.0,,,,,20,Clouds,few clouds,04,2014-04-24,235
602,44.85,41.02,43.95,45.95,1011,56,6.93,,,,,1,Clear,sky is clear,05,2014-04-24,393
603,44.4,39.43,43.38,44.94,1011,57,9.17,,,,,1,Clear,sky is clear,06,2014-04-24,830
604,44.24,42.8,42.39,44.94,1011,54,3.36,,,,,1,Clear,sky is clear,07,2014-04-24,1114
605,44.08,42.62,42.39,44.94,1011,50,3.36,,,,,1,Clear,sky is clear,08,2014-04-24,1020
606,43.5,39.4,42.76,44.94,1011,46,6.93,,,,,1,Clear,sky is clear,09,2014-04-24,753
607,43.16,37.02,41.38,43.95,1012,39,11.41,,,,,1,Clear,sky is clear,10,2014-04-24,640
608,43.11,43.11,42.19,44.04,1012,37,0.0,,,,,1,Clear,sky is clear,11,2014-04-24,675
609,44.56,40.12,43.03,46.35,1013,33,8.05,,,,,1,Clear,sky is clear,12,2014-04-24,709
610,46.13,41.56,44.55,48.16,1013,31,9.17,,,,,1,Clear,sky is clear,13,2014-04-24,864
611,48.6,42.85,48.0,51.76,1014,24,14.99,,,,,1,Clear,sky is clear,14,2014-04-24,1110
612,51.67,47.53,49.95,53.94,1014,21,12.75,,,,,1,Clear,sky is clear,15,2014-04-24,1423
613,55.42,51.51,53.04,57.16,1014,18,8.05,,,,,1,Clear,sky is clear,16,2014-04-24,1680
614,57.85,54.14,55.02,61.18,1012,17,11.41,,,,,1,Clear,sky is clear,17,2014-04-24,1917
615,59.0,55.35,56.23,61.95,1012,16,0.0,,,,,1,Clear,sky is clear,18,2014-04-24,1794
616,61.09,57.6,57.15,63.18,1012,15,6.93,,,,,1,Clear,sky is clear,19,2014-04-24,1702
617,61.18,57.65,58.95,64.35,1012,14,11.41,,,,,1,Clear,sky is clear,20,2014-04-24,1779
618,61.2,57.67,58.95,63.03,1011,14,11.41,,,,,1,Clear,sky is clear,21,2014-04-24,1865
619,61.11,57.58,60.06,62.94,1012,14,12.75,,,,,1,Clear,sky is clear,22,2014-04-24,1490
620,60.82,57.31,57.9,62.19,1013,15,3.36,,,,,1,Clear,sky is clear,23,2014-04-24,770
621,58.19,54.46,56.95,59.05,1014,16,1.14,,,,,1,Clear,sky is clear,00,2014-04-25,350
622,55.96,52.11,55.27,57.16,1015,18,4.7,,,,,1,Clear,sky is clear,01,2014-04-25,193
623,55.13,51.28,52.95,56.05,1016,20,9.17,,,,,1,Clear,sky is clear,02,2014-04-25,139
624,53.44,49.51,51.28,55.06,1016,22,5.82,,,,,1,Clear,sky is clear,03,2014-04-25,177
625,51.71,47.75,50.95,52.14,1017,25,1.14,,,,,1,Clear,sky is clear,04,2014-04-25,238
626,50.32,46.27,48.15,52.05,1017,26,1.14,,,,,1,Clear,sky is clear,05,2014-04-25,372
627,48.79,46.99,46.35,49.95,1017,30,4.7,,,,,1,Clear,sky is clear,06,2014-04-25,796
628,47.48,47.48,44.38,48.94,1017,32,0.0,,,,,1,Clear,sky is clear,07,2014-04-25,1054
629,46.8,43.95,45.3,47.95,1016,32,5.82,,,,,1,Clear,sky is clear,08,2014-04-25,937
630,45.97,43.68,42.04,46.94,1016,35,4.7,,,,,1,Clear,sky is clear,09,2014-04-25,717
631,45.61,45.61,39.15,46.94,1017,38,0.0,,,,,1,Clear,sky is clear,10,2014-04-25,651
632,46.81,46.81,42.31,48.94,1017,36,0.0,,,,,1,Clear,sky is clear,11,2014-04-25,699
633,49.15,49.15,48.04,50.95,1018,32,0.0,,,,,1,Clear,sky is clear,12,2014-04-25,784
634,52.92,49.17,50.95,54.27,1018,27,1.14,,,,,1,Clear,sky is clear,13,2014-04-25,891
635,54.39,50.76,51.75,56.17,1017,26,1.14,,,,,1,Clear,sky is clear,14,2014-04-25,1127
636,57.31,53.91,56.95,59.38,1017,25,8.05,,,,,1,Clear,sky is clear,15,2014-04-25,1445
637,58.53,55.22,57.15,60.75,1016,24,3.36,,,,,1,Clear,sky is clear,16,2014-04-25,1686
638,60.69,57.54,57.16,63.95,1015,23,5.82,,,,,1,Clear,sky is clear,17,2014-04-25,1754
639,59.2,55.99,57.15,63.18,1015,25,6.93,,,,,1,Clear,sky is clear,18,2014-04-25,1947
640,59.32,56.14,56.95,64.18,1014,25,0.0,,,,,1,Clear,sky is clear,19,2014-04-25,1610
641,56.23,52.95,52.0,62.55,1013,30,3.36,,,,,1,Clear,sky is clear,20,2014-04-25,1466
642,54.64,51.4,52.0,58.98,1012,34,4.7,,,,,1,Clear,sky is clear,21,2014-04-25,2007
643,53.33,50.11,51.24,57.15,1011,37,6.93,,,,,1,Clear,sky is clear,22,2014-04-25,2141
644,52.23,49.14,51.24,55.35,1011,42,5.82,,,,,1,Clear,sky is clear,23,2014-04-25,1914
645,50.36,47.3,48.0,53.55,1011,47,6.93,,,,,20,Clouds,few clouds,00,2014-04-26,1003
646,51.33,48.47,48.0,52.41,1012,49,4.7,,,,,90,Clouds,overcast clouds,01,2014-04-26,1162
647,51.13,48.72,49.23,53.94,1010,59,10.29,,,,,90,Rain,light rain,02,2014-04-26,789
648,50.45,48.2,48.0,54.05,1009,64,0.0,0.59,,,,90,Rain,light rain,03,2014-04-26,431
649,51.21,48.99,49.95,53.94,1008,63,5.82,0.26,,,,90,Rain,light rain,04,2014-04-26,243
650,49.68,46.83,48.16,51.96,1008,77,6.93,0.5,,,,90,Rain,light rain,05,2014-04-26,203
651,48.54,46.71,48.0,50.31,1007,84,4.7,1.3,,,,90,Rain,moderate rain,06,2014-04-26,262
652,47.68,45.0,46.35,48.94,1007,89,5.82,3.54,,,,90,Rain,heavy intensity rain,07,2014-04-26,355
653,47.68,45.0,46.35,48.94,1007,89,5.82,3.54,,,,90,Mist,mist,07,2014-04-26,355
654,46.65,43.18,44.55,48.94,1006,92,6.93,5.65,,,,90,Rain,heavy intensity rain,08,2014-04-26,398
655,46.65,43.18,44.55,48.94,1006,92,6.93,5.65,,,,90,Mist,mist,08,2014-04-26,398
656,46.0,42.4,44.94,47.05,1006,90,6.93,5.59,19.6,,,90,Rain,heavy intensity rain,09,2014-04-26,519
657,46.0,42.4,44.94,47.05,1006,90,6.93,5.59,19.6,,,90,Mist,mist,09,2014-04-26,519
658,46.22,43.27,44.55,48.18,1007,90,5.82,2.28,,,,90,Mist,mist,10,2014-04-26,578
659,46.22,43.27,44.55,48.18,1007,90,5.82,2.28,,,,90,Rain,moderate rain,10,2014-04-26,578
660,46.49,43.59,45.27,48.15,1008,89,5.82,0.4,,,,90,Mist,mist,11,2014-04-26,687
661,46.49,43.59,45.27,48.15,1008,89,5.82,0.4,,,,90,Rain,light rain,11,2014-04-26,687
662,47.21,46.18,46.02,48.18,1008,89,3.36,0.52,,,,90,Mist,mist,12,2014-04-26,689
663,47.21,46.18,46.02,48.18,1008,89,3.36,0.52,,,,90,Rain,light rain,12,2014-04-26,689
664,49.78,48.15,47.26,51.94,1008,84,4.7,0.26,,,,90,Mist,mist,13,2014-04-26,794
665,49.78,48.15,47.26,51.94,1008,84,4.7,0.26,,,,90,Rain,light rain,13,2014-04-26,794
666,52.12,50.76,49.95,55.94,1009,79,3.36,,,,,75,Clouds,broken clouds,14,2014-04-26,946
667,57.6,55.92,53.94,60.94,1009,61,3.36,0.25,,,,1,Rain,light rain,15,2014-04-26,1384
668,60.75,58.87,57.0,63.95,1008,50,6.93,,,,,40,Clouds,scattered clouds,16,2014-04-26,1791
669,63.68,61.86,59.23,66.94,1008,45,5.82,,,,,40,Clouds,scattered clouds,17,2014-04-26,1904
670,65.75,63.9,62.55,67.96,1007,40,4.7,,,,,1,Clear,sky is clear,18,2014-04-26,1937
671,65.86,63.88,64.02,67.17,1007,37,6.93,,,,,40,Clouds,scattered clouds,19,2014-04-26,1814
672,64.02,61.95,61.0,66.15,1006,39,3.36,,,,,90,Clouds,overcast clouds,20,2014-04-26,1553
673,57.31,55.83,54.23,60.96,1007,66,2.3,0.38,0.5,,,90,Rain,light rain,21,2014-04-26,1865
674,54.28,53.02,51.01,60.06,1008,77,2.3,0.28,,,,90,Rain,light rain,22,2014-04-26,1910
675,50.67,49.33,48.0,57.18,1009,83,9.17,0.25,,,,75,Rain,light rain,23,2014-04-26,1708
676,50.41,49.1,47.23,53.55,1009,84,5.82,0.25,,,,90,Rain,light rain,00,2014-04-27,1383
677,49.53,46.65,46.99,51.96,1010,86,6.93,0.3,,,,90,Rain,light rain,01,2014-04-27,893
678,49.87,49.87,48.18,51.96,1012,86,0.0,,,,,90,Rain,light rain,02,2014-04-27,477
679,50.41,49.19,49.95,51.96,1012,86,0.0,0.3,0.5,,,90,Mist,mist,03,2014-04-27,292
680,50.41,49.19,49.95,51.96,1012,86,0.0,0.3,0.5,,,90,Rain,light rain,03,2014-04-27,292
681,51.01,49.42,50.05,53.04,1012,77,8.05,,,,,90,Clouds,overcast clouds,04,2014-04-27,180
682,51.06,48.69,49.3,52.14,1012,60,9.17,,,,,40,Clouds,scattered clouds,05,2014-04-27,168
683,49.51,45.72,48.16,50.95,1012,58,9.17,,,,,1,Clear,sky is clear,06,2014-04-27,190
684,48.52,44.94,47.95,49.03,1012,59,8.05,,,,,20,Clouds,few clouds,07,2014-04-27,247
685,48.11,44.94,46.36,48.94,1012,58,6.93,,,,,1,Clear,sky is clear,08,2014-04-27,335
686,47.3,47.3,44.55,48.15,1012,62,0.0,,,,,1,Clear,sky is clear,09,2014-04-27,459
687,47.01,43.63,45.95,47.95,1013,63,6.93,,,,,1,Clear,sky is clear,10,2014-04-27,568
688,47.61,47.61,46.74,48.27,1014,62,0.0,,,,,1,Clear,sky is clear,11,2014-04-27,637
689,48.87,48.07,48.0,50.04,1014,59,3.36,,,,,1,Clear,sky is clear,12,2014-04-27,685
690,51.26,48.49,48.15,53.94,1015,51,9.17,,,,,1,Clear,sky is clear,13,2014-04-27,792
691,53.29,50.63,51.06,56.37,1016,49,4.7,,,,,40,Clouds,scattered clouds,14,2014-04-27,892
692,55.26,52.56,51.75,58.05,1016,44,6.93,,,,,90,Clouds,overcast clouds,15,2014-04-27,1014
693,56.5,53.82,53.06,58.05,1016,42,1.14,,,,,75,Clouds,broken clouds,16,2014-04-27,1070
694,56.21,53.46,53.55,58.17,1016,41,6.93,,,,,75,Clouds,broken clouds,17,2014-04-27,962
695,57.04,54.27,54.95,59.18,1015,39,8.05,,,,,90,Clouds,overcast clouds,18,2014-04-27,717
696,57.83,55.15,55.35,60.76,1016,39,6.93,,,,,90,Clouds,overcast clouds,19,2014-04-27,688
697,57.29,54.55,55.35,59.05,1016,39,3.36,,,,,90,Clouds,overcast clouds,20,2014-04-27,639
698,57.2,54.45,55.35,59.31,1016,39,3.36,,,,,75,Clouds,broken clouds,21,2014-04-27,629
699,57.34,54.61,55.02,59.05,1016,39,5.82,,,,,90,Clouds,overcast clouds,22,2014-04-27,460
700,56.95,54.27,55.02,58.05,1017,41,3.36,,,,,90,Clouds,overcast clouds,23,2014-04-27,300
701,55.56,52.79,54.95,56.05,1018,42,3.36,,,,,90,Clouds,overcast clouds,00,2014-04-28,184
702,55.53,52.93,54.05,56.05,1019,46,4.7,,,,,90,Clouds,overcast clouds,01,2014-04-28,84
703,54.12,51.49,52.27,55.06,1020,48,1.14,,,,,90,Clouds,overcast clouds,02,2014-04-28,78
704,52.7,50.07,50.95,54.05,1020,51,5.82,,,,,20,Clouds,few clouds,03,2014-04-28,164
705,51.98,49.28,50.95,53.06,1020,51,6.93,,,,,1,Clear,sky is clear,04,2014-04-28,275
706,50.32,47.59,49.05,51.24,1020,54,4.7,,,,,1,Clear,sky is clear,05,2014-04-28,455
707,48.72,44.35,48.15,49.35,1019,61,10.29,,,,,1,Clear,sky is clear,06,2014-04-28,776
708,48.42,44.37,46.31,49.95,1019,61,9.17,,,,,1,Clear,sky is clear,07,2014-04-28,1005
709,47.28,47.28,45.95,48.99,1019,65,0.0,,,,,1,Clear,sky is clear,08,2014-04-28,861
710,46.74,46.74,44.02,48.94,1019,65,0.0,,,,,1,Clear,sky is clear,09,2014-04-28,613
711,46.49,46.49,44.04,47.95,1019,66,0.0,,,,,1,Clear,sky is clear,10,2014-04-28,561
712,46.76,46.76,44.31,48.16,1020,65,0.0,,,,,1,Clear,sky is clear,11,2014-04-28,540
713,48.45,48.45,46.74,50.38,1020,60,0.0,,,,,1,Clear,sky is clear,12,2014-04-28,545
714,50.85,48.16,49.23,53.28,1020,54,4.7,,,,,1,Clear,sky is clear,13,2014-04-28,635
715,53.82,51.06,51.75,56.17,1020,46,5.82,,,,,1,Clear,sky is clear,14,2014-04-28,816
716,56.25,53.49,53.55,58.3,1019,41,6.93,,,,,1,Clear,sky is clear,15,2014-04-28,977
717,57.6,54.79,55.06,59.18,1019,37,0.0,,,,,1,Clear,sky is clear,16,2014-04-28,1163
718,59.74,57.06,57.15,63.18,1018,35,3.36,,,,,1,Clear,sky is clear,17,2014-04-28,1355
719,62.56,60.03,60.06,65.17,1017,32,0.0,,,,,1,Clear,sky is clear,18,2014-04-28,996
720,64.45,61.97,60.96,65.95,1017,29,4.7,,,,,1,Clear,sky is clear,19,2014-04-28,872
721,64.4,61.81,62.55,66.31,1016,27,9.17,,,,,1,Clear,sky is clear,20,2014-04-28,986
722,64.31,61.61,62.55,66.31,1017,25,3.36,,,,,1,Clear,sky is clear,21,2014-04-28,785
723,64.08,61.36,62.02,66.15,1017,25,0.0,,,,,1,Clear,sky is clear,22,2014-04-28,444
724,59.9,57.24,57.94,64.35,1017,35,2.3,,,,,1,Clear,sky is clear,23,2014-04-28,305
725,57.81,55.27,53.01,64.35,1018,42,2.3,,,,,1,Clear,sky is clear,00,2014-04-29,153
726,57.27,54.68,55.35,58.98,1018,42,4.7,,,,,1,Clear,sky is clear,01,2014-04-29,96
727,56.7,54.23,55.02,58.98,1019,46,4.7,,,,,1,Clear,sky is clear,02,2014-04-29,66
728,55.72,53.2,54.95,59.05,1020,47,0.0,,,,,1,Clear,sky is clear,03,2014-04-29,112
729,53.55,51.33,51.01,56.05,1020,58,9.17,,,,,1,Clear,sky is clear,04,2014-04-29,189
730,51.55,49.37,48.99,53.94,1021,63,8.05,,,,,1,Clear,sky is clear,05,2014-04-29,370
731,51.6,49.24,49.95,53.06,1022,59,4.7,,,,,1,Clear,sky is clear,06,2014-04-29,872
732,50.61,48.24,49.95,51.96,1023,61,6.93,,,,,40,Clouds,scattered clouds,07,2014-04-29,1207
733,49.96,46.71,48.0,52.05,1024,63,8.05,,,,,90,Clouds,overcast clouds,08,2014-04-29,1022
734,49.73,48.09,48.15,52.05,1023,65,4.7,,,,,90,Clouds,overcast clouds,09,2014-04-29,650
735,49.69,46.85,48.15,52.05,1024,65,6.93,,,,,90,Clouds,overcast clouds,10,2014-04-29,639
736,48.88,45.39,47.98,51.75,1025,69,8.05,,,,,90,Clouds,overcast clouds,11,2014-04-29,591
737,48.83,44.89,47.98,49.98,1026,66,9.17,,,,,90,Clouds,overcast clouds,12,2014-04-29,639
738,48.49,44.91,47.98,48.9,1027,63,8.05,,,,,90,Clouds,overcast clouds,13,2014-04-29,970
739,47.57,42.13,47.37,48.16,1028,64,12.75,,,,,90,Rain,light rain,14,2014-04-29,1322
740,48.81,44.11,46.36,49.35,1028,62,11.41,,,,,90,Clouds,overcast clouds,15,2014-04-29,1693
741,48.43,42.93,48.0,48.54,1029,62,13.87,,,,,90,Rain,light rain,16,2014-04-29,1954
742,48.9,44.98,48.0,49.35,1029,61,9.17,,,,,90,Clouds,overcast clouds,17,2014-04-29,2270
743,50.07,47.55,47.98,50.43,1029,59,9.17,,,,,90,Clouds,overcast clouds,18,2014-04-29,1861
744,48.42,48.42,46.9,48.54,1029,66,0.0,0.13,,,,90,Rain,light rain,19,2014-04-29,1654
745,47.17,43.3,46.36,48.15,1029,72,8.05,0.3,,,,90,Rain,light rain,20,2014-04-29,1666
746,46.62,42.15,46.35,48.15,1029,75,9.17,,0.3,,,90,Rain,light rain,21,2014-04-29,1575
747,46.53,41.23,46.0,48.15,1029,72,11.41,,,,,90,Rain,light rain,22,2014-04-29,808
748,45.12,39.49,44.55,46.92,1029,76,11.41,0.3,,,,90,Rain,light rain,23,2014-04-29,456
749,45.12,40.8,44.55,46.92,1030,71,8.05,0.37,,,,90,Rain,light rain,00,2014-04-30,219
750,45.05,39.4,44.04,46.35,1030,71,11.41,0.53,,,,90,Rain,light rain,01,2014-04-30,130
751,44.64,39.72,44.02,46.35,1030,75,9.17,0.94,,,,90,Rain,light rain,02,2014-04-30,100
752,43.3,37.62,42.75,44.94,1030,81,10.29,0.3,0.3,,,90,Rain,light rain,03,2014-04-30,154
753,44.47,39.52,42.75,44.94,1030,78,9.17,1.02,,,,90,Rain,moderate rain,04,2014-04-30,233
754,43.3,39.81,42.75,44.58,1030,76,5.82,1.17,,,,90,Rain,moderate rain,05,2014-04-30,580
755,42.82,37.99,42.51,44.04,1030,81,8.05,0.7,,,,90,Rain,moderate rain,06,2014-04-30,1134
756,42.82,37.99,42.51,44.04,1030,81,8.05,0.7,,,,90,Mist,mist,06,2014-04-30,1134
757,41.58,33.85,41.34,44.55,1029,85,14.99,1.0,,,,90,Rain,moderate rain,07,2014-04-30,1472
758,41.58,33.85,41.34,44.55,1029,85,14.99,1.0,,,,90,Mist,mist,07,2014-04-30,1472
759,41.58,35.04,41.34,44.55,1029,85,11.41,1.2,,,,90,Rain,moderate rain,08,2014-04-30,1607
760,41.58,35.04,41.34,44.55,1029,85,11.41,1.2,,,,90,Mist,mist,08,2014-04-30,1607
761,42.76,37.42,42.06,44.58,1028,83,9.17,2.8,8.9,,,90,Rain,moderate rain,09,2014-04-30,1349
762,42.76,37.42,42.06,44.58,1028,83,9.17,2.8,8.9,,,90,Mist,mist,09,2014-04-30,1349
763,42.75,35.69,42.06,44.55,1028,86,13.87,1.0,,,,90,Rain,moderate rain,10,2014-04-30,1402
764,42.75,35.69,42.06,44.55,1028,86,13.87,1.0,,,,90,Mist,mist,10,2014-04-30,1402
765,43.3,36.75,42.75,44.56,1028,86,12.75,1.0,,,,90,Rain,moderate rain,11,2014-04-30,1389
766,43.3,36.75,42.75,44.56,1028,86,12.75,1.0,,,,90,Mist,mist,11,2014-04-30,1389
767,43.3,36.75,42.75,44.58,1028,90,12.75,1.8,,,,90,Rain,moderate rain,12,2014-04-30,1493
768,43.3,36.75,42.75,44.58,1028,90,12.75,1.8,,,,90,Mist,mist,12,2014-04-30,1493
769,44.71,40.3,44.49,44.94,1028,87,8.05,0.32,,,,90,Rain,light rain,13,2014-04-30,1620
770,44.71,40.3,44.49,44.94,1028,87,8.05,0.32,,,,90,Mist,mist,13,2014-04-30,1620
771,44.71,39.36,44.49,44.94,1027,91,10.29,0.2,,,,90,Rain,light rain,14,2014-04-30,1887
772,44.71,39.36,44.49,44.94,1027,91,10.29,0.2,,,,90,Mist,mist,14,2014-04-30,1887
773,45.61,41.94,45.39,46.36,1027,87,6.93,1.5,3.6,,,90,Rain,moderate rain,15,2014-04-30,2406
774,45.61,41.94,45.39,46.36,1027,87,6.93,1.5,3.6,,,90,Mist,mist,15,2014-04-30,2406
775,45.61,42.55,45.39,46.36,1027,90,5.82,1.0,,,,90,Rain,heavy intensity rain,16,2014-04-30,2656
776,45.61,42.55,45.39,46.36,1027,90,5.82,1.0,,,,90,Mist,mist,16,2014-04-30,2656
777,46.62,42.62,46.02,46.92,1026,91,8.05,1.0,,,,90,Rain,moderate rain,17,2014-04-30,2801
778,46.62,42.62,46.02,46.92,1026,91,8.05,1.0,,,,90,Mist,mist,17,2014-04-30,2801
779,47.08,42.73,46.35,48.16,1026,90,9.17,5.6,,,,90,Rain,heavy intensity rain,18,2014-04-30,3038
780,47.08,42.73,46.35,48.16,1026,90,9.17,5.6,,,,90,Mist,mist,18,2014-04-30,3038
781,47.07,42.71,46.35,48.88,1024,90,9.17,3.3,,,,90,Rain,moderate rain,19,2014-04-30,2834
782,47.07,42.71,46.35,48.88,1024,90,9.17,3.3,,,,90,Mist,mist,19,2014-04-30,2834
783,46.62,42.15,46.35,48.16,1024,91,9.17,3.6,,,,90,Mist,mist,20,2014-04-30,2766
784,46.62,42.15,46.35,48.16,1024,91,9.17,3.6,,,,90,Rain,heavy intensity rain,20,2014-04-30,2766
785,46.63,42.64,46.02,48.16,1023,93,8.05,7.1,12.7,,,90,Rain,heavy intensity rain,21,2014-04-30,2308
786,46.63,42.64,46.02,48.16,1023,93,8.05,7.1,12.7,,,90,Mist,mist,21,2014-04-30,2308
787,46.72,42.75,46.02,49.96,1022,91,8.05,2.0,,,,90,Rain,heavy intensity rain,22,2014-04-30,1778
788,46.72,42.75,46.02,49.96,1022,91,8.05,2.0,,,,90,Mist,mist,22,2014-04-30,1778
789,46.72,43.86,46.02,49.96,1022,92,5.82,8.9,,,,90,Mist,mist,23,2014-04-30,895
790,46.72,43.86,46.02,49.96,1022,92,5.82,8.9,,,,90,Rain,heavy intensity rain,23,2014-04-30,895
